view_name,grain,measures,formula_logic,assumptions,limitations,source_lineage
mart.v_asp_volume,1 row per half-year,"Automotive revenue per vehicle sold (Porsche ASP definition) calculated and published, wholesale vs retail units, revenue per delivery, volume vs ASP effect on automotive revenue.",ASP = A01 x 1000 / O04 (EUR k). Volume effect = dO04 x ASP_prior / 1000. ASP effect = dASP x O04_cur / 1000. Volume + ASP effect = dA01 exactly.,"None. The ASP effect is a residual of price, model mix, derivative mix, options, FX and non-vehicle revenue - not ""price"".",Porsche ASP uses automotive revenue (incl. parts/services) over wholesale units; wholesale-retail difference is a proxy for channel stock movement (PROXY).,"A01: segment tables (S002/S006/S010/S017/S013/S026). O04/O01: S025. O06: S005 p.20, S009 p.32, S011 p.10, S016 p.10."
mart.v_cash_crosscheck,1 row per half-year,"Automotive CFO, investing, net cash flow, net liquidity; NCF margin; CFO/EBITDA; NCF/EBIT; simple cash proxy (EBITDA - capex - capitalised R&D) and remainder.","NCF margin = A13 / A01. Proxy = A03 - A10 - A06. Remainder = A13 - proxy (working capital, tax, provisions, other).",None.,"Cash timing items (Audi licence, pension funding) are only in annotations, not quantified in the data; remainder is not decomposed further.","A13/A13a/A13b/A14: S025 sheet 02. A03/A10/A06: segment and R&D tables. Notes: mart.annotation (S009 p.35, S016 p.13)."
mart.v_da_clean,1 row per half-year,"Automotive D&A total, disclosed impairments inside it, clean D&A (total - impairments), as % of automotive revenue, YoY.","da_clean = A12 - coalesce(X05, 0). Component split cleaned only where the impairment line item is known (H1 2025 Cellforce = PP&E depreciation).","A-03, A-04.","FY2025 impairments (~EUR 1,200m, ""around"") are rounded to EUR 100m; H2 2025 impairment (905) is FY - H1 and its split between amortisation and depreciation is unknown, so component clean values are NULL there.","A12/A09/A11: S011 p.34, S016 p.25, S002 p.9/p.29. X05: S002 p.38, S006 p.38, S010 p.32, S011 p.34 fn, S017 p.29."
mart.v_delivery_mix,1 row per half-year x model line / region,Retail deliveries and share by top-level model line (Macan as total) and by region.,Share = deliveries / sum over the period.,None.,"Deliveries are retail units, not the wholesale units that drive revenue. Macan ICE/BEV split exists only from FY2024 (use core table for it).",core.fact_deliveries_model / _region <- S025 sheets 03 and 04; H2 = FY - H1.
mart.v_ebit_adjusted,1 row per half-year,"Headline levels: L0 reported, L1 excl. realignment/battery (net), L2 also excl. US tariffs; YoY changes; rounding band. Supplementary: L3 hybrid sensitivity (see limitations).","L0 = G07. L1 = G07 + X01 (net). L2 = L1 + X03. L3 = L1 + (A12 - X05) - A06, i.e. an EBITDA-type figure with total automotive R&D costs expensed as incurred. Margins = level / G01 x 100. YoY = same half of prior year.","A-01 (no one-offs 2023-24 -> 0), A-02 (no tariffs before 2025), A-03 (undisclosed impairments -> 0), A-04 (H1 2026 impairments inside D&A), A-09 (H2 rounding).","Exceptional items are management-defined and rounded to EUR 0.1bn (+/-50m, +/-100m for derived H2). L3 is a SUPPLEMENTARY HYBRID SENSITIVITY only: it mixes group EBIT with automotive-only D&A and capitalised development costs (FS depreciation stays in), so it is NOT underlying group profitability and must not be used as a headline KPI. X01 is added NET of provision releases, i.e. the H1 2026 EUR 0.3bn release benefit is also removed. X05 is NOT added separately in L1/L2 (already inside X01): no double count.","G07,G01: S025. X01: S016 p.6 / S011 p.6 (FY2025 = 2.4 + 0.7 DERIVED). X03: S010 p.5, S011 p.6, S016 p.6. A12: S011 p.34 / S016 p.25 / S002 p.9. X05: S010 p.32, S011 p.34, S017 p.29. A06: S011 p.34 / S016 p.25 / S002 p.29."
mart.v_ebit_bridge_yoy,"1 row per half-year pair (same half, consecutive years): 5 rows","Year-on-year change in group EBIT split into: exceptional items, US tariffs, capitalised development costs, clean automotive D&A, Financial Services, and residual / other EBIT drivers; same in margin points.",eff_exceptional = -(X01 cur - X01 prior); eff_tariffs = -(X03 diff); eff_rd_cap = A06 cur - A06 prior; eff_clean_da = -(da_clean diff); eff_fs = F02 diff; residual / other EBIT drivers = dEBIT - all effects. pp: effect / revenue_cur plus revenue-denominator term; sums to d_margin exactly.,"A-01, A-02, A-03, A-04 (alt residual column), A-09.","The residual / other EBIT drivers term is NOT operating performance and NOT separated: it contains price, model/derivative mix and volume effects, changes in total R&D costs, material and supplier costs (incl. BEV compensation payments), SG&A, other operating income/expense, FX, consolidation effects and the rounding of disclosed one-offs (+/-EUR 100-200m). Impairments are removed from D&A because they are already inside the exceptional-items effect (no double count).","mart.v_ebit_adjusted, mart.v_da_clean, mart.v_panel_hy."
mart.v_guidance_2026,"27 rows = SCENARIO COMBINATIONS of low/mid/high revenue x RoS x extraordinary expenses (not forecasts, no probabilities)","FY2026 EBIT implied by guidance and the H2 2026 revenue, EBIT and margin at L0, L1, L2.",FY EBIT = revenue x RoS. H2 = FY - H1 2026 actual. H2 exceptional = FY guided - H1 net (100). L1 = H2 EBIT + H2 exceptional. L2 = L1 + tariffs (A-07).,"A-06, A-07, A-08.","Each row is an arithmetic scenario combination of guidance range ends, not a forecast; no probability is attached and mid is not a most-likely case. Guidance is management expectation. Extraordinary-expense guidance comes from a call transcript (Tier 3 record of a Tier 1 statement).","core.fact_guidance <- S016 slide 14 (revenue, RoS, EBITDA margin, NCF margin, BEV) and S027 (extraordinary expenses). H1 2026 actuals from mart.v_ebit_adjusted."
mart.v_guidance_2026_auto,"9 rows = SCENARIO COMBINATIONS: revenue end x margin end (not forecasts, no probabilities)",H2 2026 automotive EBITDA margin and automotive NCF margin implied by guidance.,FY auto revenue = FY group revenue x H1 2026 auto share (A-05). H2 margin = (FY margin x FY auto revenue - H1 2026 actual) / (FY auto revenue - H1 2026 auto revenue).,"A-05, A-08.",Automotive revenue is not guided; the share assumption drives the result.,"core.fact_guidance (S016 slide 14); H1 2026 automotive actuals (S017 p.12, S025)."
mart.v_guidance_2026_summary,1 row,"Min / mid / max across the 27 scenario combinations of implied H2 2026 margins at L0, L1, L2, next to H1 2026 and H2 2025 actuals. Not forecasts; no probabilities.",Aggregation of mart.v_guidance_2026.,As v_guidance_2026.,"Range is deliberately wide (independent corners, A-08).","mart.v_guidance_2026, mart.v_ebit_adjusted."
mart.v_panel_hy,"1 row per half-year, 2023-H1..2026-H1 (7 rows)","All core variables side by side: group P&L, automotive segment, R&D/capex/D&A, automotive cash, FS, exceptional items, Porsche bridge, volumes, ASP, BEV share; counts of FACT vs DERIVED inputs.",Pivot of core.fact_financial filtered on dim_period.in_analysis_window (H1 and H2 only).,None (pure pivot). H2 columns are FY - H1 from 06_derive_h2.sql.,Only 7 observations. Values missing in core stay NULL here (e.g. one-offs 2023-2024).,"core.fact_financial <- S025 fact sheet (group P&L, cash, volumes) and PDF inputs S002/S006/S010/S011/S013/S016/S017/S026 (segment, R&D, D&A, one-offs, ASP)."
mart.v_rd_capitalisation,1 row per half-year,"Total automotive R&D costs, capitalised, expensed, amortisation, P&L charge, capitalisation rate (calc vs published), net capitalisation, R&D cost intensity, effect of capitalisation-rate change vs prior year.",P&L charge = A08 + A09. Net capitalisation = A06 - A09. Counterfactual P&L charge = A05 x (1 - prior-year same-half cap rate) + A09; effect = actual - counterfactual.,"Counterfactual holds amortisation fixed (a modelling simplification, labelled as such).","Total R&D costs are Porsche's accounting definition (research costs, non-capitalisable development costs and capitalisable development costs), not a cash-flow figure. Amortisation responds to past capitalisation and may include impairments (H2 2025). Counterfactual is illustrative, not what Porsche would have reported.","A05-A09: S011 p.34 (FY), S016 p.25 (H1 2024-26), S002 p.29 + S005 p.28 (H1 2023). H1 2025 total R&D restated (AF-09)."
