scenario_id,h2_margin_l0_pct,h2_margin_l1_pct,h2_margin_l2_pct
high/high/high,7.20,11.46,13.59
high/high/low,7.20,10.93,13.06
high/high/mid,7.20,11.20,13.33
high/low/high,3.37,7.63,9.76
high/low/low,3.37,7.10,9.23
high/low/mid,3.37,7.36,9.49
high/mid/high,5.28,9.55,11.68
high/mid/low,5.28,9.01,11.14
high/mid/mid,5.28,9.28,11.41
low/high/high,7.19,11.69,13.94
low/high/low,7.19,11.12,13.38
low/high/mid,7.19,11.41,13.66
low/low/high,3.25,7.75,10.00
low/low/low,3.25,7.19,9.44
low/low/mid,3.25,7.47,9.72
low/mid/high,5.22,9.72,11.97
low/mid/low,5.22,9.15,11.41
low/mid/mid,5.22,9.44,11.69
mid/high/high,7.19,11.57,13.76
mid/high/low,7.19,11.02,13.21
mid/high/mid,7.19,11.30,13.49
mid/low/high,3.31,7.69,9.88
mid/low/low,3.31,7.14,9.33
mid/low/mid,3.31,7.41,9.60
mid/mid/high,5.25,9.63,11.82
mid/mid/low,5.25,9.08,11.27
mid/mid/mid,5.25,9.36,11.54
