source_id,tier,publisher,document_title,doc_type,reporting_period,publication_date,url
S001,1,Porsche AG,Press & Analyst Call H1 2023 (presentation),Presentation,H1 2023,2023-07,https://investorrelations.porsche.com/~/media/Files/P/porsche-ir/results-and-presentations/financial-reports-and-presentation/2023/q2/q2-2023-presentation.pdf
S002,1,Porsche AG,Half-Year Financial Report Jan-Jun 2023,Half-year report,H1 2023,2023-07,https://investorrelations.porsche.com/~/media/Files/P/porsche-ir/results-and-presentations/financial-reports-and-presentation/2023/q2/half-year-financial-report-2023.pdf
S003,1,Porsche AG,Annual Press & Analyst Conference FY2023 (presentation),Presentation,FY 2023,2024-03,https://investorrelations.porsche.com/~/media/Files/P/porsche-ir/results-and-presentations/financial-reports-and-presentation/2023/q4-and-full-year/fy-2023-presentation.pdf
S004,1,Porsche AG,Annual & Sustainability Report 2023 (IFRS),Annual report,FY 2023,2024-03,https://investorrelations.porsche.com/~/media/Files/P/porsche-ir/results-and-presentations/financial-reports-and-presentation/2023/q4-and-full-year/annual-and-sustainability-report-2023-porsche-ag-consolidated-financial-statements-ifrs.pdf
S005,1,Porsche AG,Press & Analyst Call H1 2024 (presentation),Presentation,H1 2024,2024-07,https://investorrelations.porsche.com/~/media/Files/P/porsche-ir/results-and-presentations/financial-reports-and-presentation/2024/q2/q2-2024-presentation.pdf
S006,1,Porsche AG,Half-Year Financial Report Jan-Jun 2024,Half-year report,H1 2024,2024-07,https://investorrelations.porsche.com/~/media/Files/P/porsche-ir/results-and-presentations/financial-reports-and-presentation/2024/q2/half-year-financial-report-2024.pdf
S007,1,Porsche AG,Annual Press & Analyst Conference FY2024 (presentation),Presentation,FY 2024,2025-03,https://investorrelations.porsche.com/~/media/Files/P/porsche-ir/results-and-presentations/financial-reports-and-presentation/2024/q4-and-full-year/fy24-presentation.pdf
S008,1,Porsche AG,Annual & Sustainability Report 2024 (IFRS),Annual report,FY 2024,2025-03,https://investorrelations.porsche.com/~/media/Files/P/porsche-ir/results-and-presentations/financial-reports-and-presentation/2024/q4-and-full-year/annual-and-sustainability-report-2024-porsche-ag-consolidated-financial-statements-ifrs.pdf
S009,1,Porsche AG,Press & Analyst Call H1 2025 (presentation),Presentation,H1 2025,2025-07-30,https://investorrelations.porsche.com/~/media/Files/P/porsche-ir/results-and-presentations/financial-reports-and-presentation/2025/q2/h1-2025-presentation-1.pdf
S010,1,Porsche AG,Half-Year Financial Report Jan-Jun 2025,Half-year report,H1 2025,2025-07-30,https://investorrelations.porsche.com/~/media/Files/P/porsche-ir/results-and-presentations/financial-reports-and-presentation/2025/q2/half-year-financial-report-2025-en.pdf
S011,1,Porsche AG,Annual Press & Analyst Conference FY2025 (presentation),Presentation,FY 2025,2026-03-11,https://investorrelations.porsche.com/~/media/Files/P/porsche-ir/results-and-presentations-de/financial-reports-and-presentation/2025/q4-and-full-year/FY25%20Presentation.pdf
S012,1,Porsche AG,Annual & Sustainability Report 2025 (IFRS),Annual report,FY 2025,2026-03-11,https://investorrelations.porsche.com/~/media/Files/P/porsche-ir/results-and-presentations/financial-reports-and-presentation/2025/q4/annual-and-sustainability-report-2025-porsche-ag-consolidated-financial-statements-ifrs.pdf
S013,1,Porsche AG,"Annual Report 2025 online - Results of Operations, Financial Position and Net Assets",Annual report (web),FY 2025,2026-03-11,https://newsroom.porsche.com/en/annual-sustainability-report/combined-management-report/results-of-operations-financial-position-and-net-assets/
S014,1,Porsche AG,Annual Report 2025 online - Business Development (production by plant),Annual report (web),FY 2025,2026-03-11,https://newsroom.porsche.com/en/annual-sustainability-report/combined-management-report/business-development/
S015,1,Porsche AG,Annual Press Conference 2026 press release (FY2025 results),Press release,FY 2025,2026-03-11,https://newsroom.porsche.com/en/2026/company/porsche-annual-press-conference-financial-year-2025-annual-and-sustainability-report-41708.html
S016,1,Porsche AG,Analyst & Investor Call H1 2026 (presentation),Presentation,H1 2026,2026-07-29,https://investorrelations.porsche.com/~/media/Files/P/porsche-ir/results-and-presentations/financial-reports-and-presentation/2026/q2/H1-2026-Presentation.pdf
S017,1,Porsche AG,Half-Year Financial Report Jan-Jun 2026,Half-year report,H1 2026,2026-07-29,https://investorrelations.porsche.com/~/media/Files/P/porsche-ir/results-and-presentations/financial-reports-and-presentation/2026/q2/half-year-financial-report-2026-en.pdf
S018,1,Porsche AG,Newsroom release: H1 2026 financial figures,Press release,H1 2026,2026-07-29,https://newsroom.porsche.com/en/2026/company/porsche-financial-figures-half-year-2026-42785.html
S019,1,Porsche AG,Fact Sheet H1 2023 (XLSX),Fact sheet (Excel),H1 2023,2023-07,https://investorrelations.porsche.com/~/media/Files/P/porsche-ir/results-and-presentations/financial-reports-and-presentation/2023/q2/q2-2023-fact-sheet-porsche-ag.xlsx
S020,1,Porsche AG,Fact Sheet FY2023 (XLSX),Fact sheet (Excel),FY 2023,2024-03,https://investorrelations.porsche.com/~/media/Files/P/porsche-ir/results-and-presentations/financial-reports-and-presentation/2023/q4-and-full-year/fy-2023-fact-sheet-porsche-ag.xlsx
S021,1,Porsche AG,Fact Sheet H1 2024 (XLSX),Fact sheet (Excel),H1 2024,2024-07,https://investorrelations.porsche.com/~/media/Files/P/porsche-ir/results-and-presentations/financial-reports-and-presentation/2024/q2/q2-2024-fact-sheet-porsche-ag.xlsx
S022,1,Porsche AG,Fact Sheet FY2024 (XLSX),Fact sheet (Excel),FY 2024,2025-03,https://investorrelations.porsche.com/~/media/Files/P/porsche-ir/results-and-presentations/financial-reports-and-presentation/2024/q4-and-full-year/fy-2024-fact-sheet-porsche-ag.xlsx
S023,1,Porsche AG,Fact Sheet H1 2025 (XLSX),Fact sheet (Excel),H1 2025,2025-07,https://investorrelations.porsche.com/~/media/Files/P/porsche-ir/results-and-presentations/financial-reports-and-presentation/2025/q2/q2-2025-fact-sheet-porsche-ag.xlsx
S024,1,Porsche AG,Fact Sheet FY2025 (XLSX),Fact sheet (Excel),FY 2025,2026-03,https://investorrelations.porsche.com/~/media/Files/P/porsche-ir/results-and-presentations-de/financial-reports-and-presentation/2025/q4-and-full-year/FY-2025-fact-sheet-porsche-ag.xlsx
S025,1,Porsche AG,Fact Sheet H1 2026 (XLSX),Fact sheet (Excel),H1 2026,2026-07,https://investorrelations.porsche.com/~/media/Files/P/porsche-ir/results-and-presentations/financial-reports-and-presentation/2026/q2/Q2-2026-fact-sheet-porsche-ag.xlsx
S026,1,Porsche AG,Annual & Sustainability Report 2024 online - Results of Operations (FY2024 with FY2023 comparatives),Annual report (web),FY 2024,2025-03,https://newsroom.porsche.com/en/annual-sustainability-report/2024/combined-management-report/results-of-operations-financial-position-and-net-assets/
S027,3,Investing.com,Earnings call transcript: Porsche AG H1 2026 (CFO Jochen Breckner statements),Call transcript,H1 2026,2026-07-29,https://www.investing.com/news/transcripts/earnings-call-transcript-porsche-ag-posts-stronger-margins-in-h1-2026-93CH-4818792
