rec_id,var_id,period_code,source_id,source_page,unit_as_shown,value_as_shown,value_std,std_unit,value_label,rounding,double_checked,note,verification_basis
M001,A01,2023-H1,S002,9 (Automotive EBITDA margin table),EUR m,18892,18892,EUR m,FACT,EUR 1m,Y,Verbatim from document text,V1: verbatim quote from the document text
M002,A01,2023-FY,S026,Automotive results of operations (2023 in brackets),EUR m,37349,37349,EUR m,FACT,EUR 1m,Y,Verbatim from document text,V1: verbatim quote from the document text
M003,A01,2024-H1,S006,10 (Automotive EBITDA margin table),EUR m,17695,17695,EUR m,FACT,EUR 1m,Y,Verbatim from document text,V1: verbatim quote from the document text
M004,A01,2024-FY,S026,Automotive results of operations,EUR m,36438,36438,EUR m,FACT,EUR 1m,Y,Verbatim from document text,V1: verbatim quote from the document text
M005,A01,2025-H1,S010,11 (Automotive EBITDA margin table),EUR m,16138,16138,EUR m,FACT,EUR 1m,Y,Verbatim from document text,V1: verbatim quote from the document text
M006,A01,2025-FY,S013,Automotive results of operations,EUR m,32185,32185,EUR m,FACT,EUR 1m,Y,Verbatim from document text,V1: verbatim quote from the document text
M007,A01,2026-H1,S017,12 (Automotive EBITDA margin table),EUR m,15158,15158,EUR m,FACT,EUR 1m,Y,Verbatim from document text,V1: verbatim quote from the document text
M008,A02,2023-H1,S002,9 (Automotive EBITDA margin table),EUR m,3653,3653,EUR m,FACT,EUR 1m,Y,Verbatim from document text,V1: verbatim quote from the document text
M009,A02,2023-FY,S026,Automotive results of operations (2023 in brackets),EUR m,6938,6938,EUR m,FACT,EUR 1m,Y,Verbatim from document text,V1: verbatim quote from the document text
M010,A02,2024-H1,S006,10 (Automotive EBITDA margin table),EUR m,2904,2904,EUR m,FACT,EUR 1m,Y,Verbatim from document text,V1: verbatim quote from the document text
M011,A02,2024-FY,S013,Automotive results of operations (2024 in brackets),EUR m,5286,5286,EUR m,FACT,EUR 1m,Y,Verbatim from document text; also S026,V1: verbatim quote from the document text
M012,A02,2025-H1,S010,11 (Automotive EBITDA margin table),EUR m,832,832,EUR m,FACT,EUR 1m,Y,Verbatim from document text,V1: verbatim quote from the document text
M013,A02,2025-FY,S013,Automotive results of operations,EUR m,90,90,EUR m,FACT,EUR 1m,Y,Verbatim from document text,V1: verbatim quote from the document text
M014,A02,2026-H1,S017,12 (Automotive EBITDA margin table),EUR m,1208,1208,EUR m,FACT,EUR 1m,Y,Verbatim from document text,V1: verbatim quote from the document text
M015,A03,2023-H1,S002,9 (Automotive EBITDA margin table),EUR m,4829,4829,EUR m,FACT,EUR 1m,Y,Verbatim from document text,V1: verbatim quote from the document text
M016,A03,2023-FY,S026,Automotive results of operations (2023 in brackets),EUR m,9594,9594,EUR m,FACT,EUR 1m,Y,Verbatim from document text,V1: verbatim quote from the document text
M017,A03,2024-H1,S006,10 (Automotive EBITDA margin table),EUR m,4268,4268,EUR m,FACT,EUR 1m,Y,Verbatim from document text,V1: verbatim quote from the document text
M018,A03,2024-FY,S013,Automotive results of operations (2024 in brackets),EUR m,8271,8271,EUR m,FACT,EUR 1m,Y,Verbatim from document text; also S026,V1: verbatim quote from the document text
M019,A03,2025-H1,S010,11 (Automotive EBITDA margin table),EUR m,2588,2588,EUR m,FACT,EUR 1m,Y,Verbatim from document text,V1: verbatim quote from the document text
M020,A03,2025-FY,S013,Automotive results of operations,EUR m,4282,4282,EUR m,FACT,EUR 1m,Y,Verbatim from document text,V1: verbatim quote from the document text
M021,A03,2026-H1,S017,12 (Automotive EBITDA margin table),EUR m,2767,2767,EUR m,FACT,EUR 1m,Y,Verbatim from document text,V1: verbatim quote from the document text
M022,A04,2023-H1,S002,9 (Automotive EBITDA margin table),%,25.6,25.6,%,FACT,0.1pp,Y,Verbatim from document text,V1: verbatim quote from the document text
M023,A04,2023-FY,S026,Automotive results of operations (2023 in brackets),%,25.7,25.7,%,FACT,0.1pp,Y,Verbatim from document text,V1: verbatim quote from the document text
M024,A04,2024-H1,S006,10 (Automotive EBITDA margin table),%,24.1,24.1,%,FACT,0.1pp,Y,Verbatim from document text,V1: verbatim quote from the document text
M025,A04,2024-FY,S026,Automotive results of operations,%,22.7,22.7,%,FACT,0.1pp,Y,Verbatim from document text,V1: verbatim quote from the document text
M026,A04,2025-H1,S010,11 (Automotive EBITDA margin table),%,16,16,%,FACT,0.1pp,Y,Verbatim from document text,V1: verbatim quote from the document text
M027,A04,2025-FY,S013,Automotive results of operations,%,13.3,13.3,%,FACT,0.1pp,Y,Verbatim from document text,V1: verbatim quote from the document text
M028,A04,2026-H1,S017,12 (Automotive EBITDA margin table),%,18.3,18.3,%,FACT,0.1pp,Y,Verbatim from document text,V1: verbatim quote from the document text
M029,A05,2023-H1,S002,29 (Note 3),EUR m,1545,1545,EUR m,FACT,EUR 1m,Y,Verbatim from document text; same figure as prior-year column in S006 p.8,V1: verbatim quote from the document text
M030,A05,2023-FY,S011,34,EUR m,2834,2834,EUR m,FACT,EUR 1m,Y,Verbatim from document text,V1: verbatim quote from the document text
M031,A05,2024-H1,S016,25,EUR m,1665,1665,EUR m,FACT,EUR 1m,Y,Verbatim from document text,V1: verbatim quote from the document text
M032,A05,2024-FY,S011,34,EUR m,2528,2528,EUR m,FACT,EUR 1m,Y,Verbatim from document text,V1: verbatim quote from the document text
M033,A05,2025-H1,S016,25,EUR m,1264,1264,EUR m,FACT,EUR 1m,Y,"Verbatim from document text. Restated: S010 p.9 (published July 2025) showed 1,258; S016 (latest) shows 1,264. Latest-document rule applied (AF-09).",V1: verbatim quote from the document text
M034,A05,2025-FY,S011,34,EUR m,2292,2292,EUR m,FACT,EUR 1m,Y,Verbatim from document text,V1: verbatim quote from the document text
M035,A05,2026-H1,S016,25,EUR m,1116,1116,EUR m,FACT,EUR 1m,Y,Verbatim from document text,V1: verbatim quote from the document text
M036,A06,2023-H1,S002,29 (Note 3),EUR m,1201,1201,EUR m,FACT,EUR 1m,Y,Verbatim from document text,V1: verbatim quote from the document text
M037,A06,2023-FY,S011,34,EUR m,2081,2081,EUR m,FACT,EUR 1m,Y,Verbatim from document text,V1: verbatim quote from the document text
M038,A06,2024-H1,S016,25,EUR m,1123,1123,EUR m,FACT,EUR 1m,Y,Verbatim from document text,V1: verbatim quote from the document text
M039,A06,2024-FY,S011,34,EUR m,1583,1583,EUR m,FACT,EUR 1m,Y,Verbatim from document text,V1: verbatim quote from the document text
M040,A06,2025-H1,S016,25,EUR m,575,575,EUR m,FACT,EUR 1m,Y,Verbatim from document text,V1: verbatim quote from the document text
M041,A06,2025-FY,S011,34,EUR m,963,963,EUR m,FACT,EUR 1m,Y,Verbatim from document text,V1: verbatim quote from the document text
M042,A06,2026-H1,S016,25,EUR m,487,487,EUR m,FACT,EUR 1m,Y,Verbatim from document text,V1: verbatim quote from the document text
M043,A07,2023-H1,S002,29 (Note 3),%,77.7,77.7,%,FACT,0.1pp,Y,Verbatim from document text,V1: verbatim quote from the document text
M044,A07,2023-FY,S011,34,%,73.5,73.5,%,FACT,0.1pp,Y,Verbatim from document text,V1: verbatim quote from the document text
M045,A07,2024-H1,S016,25,%,67.5,67.5,%,FACT,0.1pp,Y,Verbatim from document text,V1: verbatim quote from the document text
M046,A07,2024-FY,S011,34,%,62.6,62.6,%,FACT,0.1pp,Y,Verbatim from document text,V1: verbatim quote from the document text
M047,A07,2025-H1,S016,25,%,45.5,45.5,%,FACT,0.1pp,Y,Verbatim from document text,V1: verbatim quote from the document text
M048,A07,2025-FY,S011,34,%,42,42,%,FACT,0.1pp,Y,Verbatim from document text,V1: verbatim quote from the document text
M049,A07,2026-H1,S016,25,%,43.6,43.6,%,FACT,0.1pp,Y,Verbatim from document text,V1: verbatim quote from the document text
M050,A08,2023-H1,S005,28 (prior-year column),EUR m,343,343,EUR m,FACT,EUR 1m,N,Located by automated extraction of S005 slide 28 (expensed R&D (A) = 343). A05 - A06 = 344; 1m difference is rounding. Spot-check slide 28.,"V3: automated extraction only; consistent within EUR 1m with other PDF values (A05 - A06 = 344, CHK1) but not reconciled to an independent source"
M051,A08,2023-FY,S011,34,EUR m,753,753,EUR m,FACT,EUR 1m,Y,Verbatim from document text,V1: verbatim quote from the document text
M052,A08,2024-H1,S016,25,EUR m,541,541,EUR m,FACT,EUR 1m,Y,Verbatim from document text,V1: verbatim quote from the document text
M053,A08,2024-FY,S011,34,EUR m,945,945,EUR m,FACT,EUR 1m,Y,Verbatim from document text,V1: verbatim quote from the document text
M054,A08,2025-H1,S016,25,EUR m,690,690,EUR m,FACT,EUR 1m,Y,Verbatim from document text,V1: verbatim quote from the document text
M055,A08,2025-FY,S011,34,EUR m,1329,1329,EUR m,FACT,EUR 1m,Y,Verbatim from document text,V1: verbatim quote from the document text
M056,A08,2026-H1,S016,25,EUR m,629,629,EUR m,FACT,EUR 1m,Y,Verbatim from document text,V1: verbatim quote from the document text
M057,A09,2023-H1,S002,29 (Note 3),EUR m,427,427,EUR m,FACT,EUR 1m,Y,Verbatim from document text; same in S006 p.8,V1: verbatim quote from the document text
M058,A09,2023-FY,S011,34,EUR m,960,960,EUR m,FACT,EUR 1m,Y,Verbatim from document text,V1: verbatim quote from the document text
M059,A09,2024-H1,S016,25,EUR m,516,516,EUR m,FACT,EUR 1m,Y,Verbatim from document text,V1: verbatim quote from the document text
M060,A09,2024-FY,S011,34,EUR m,1101,1101,EUR m,FACT,EUR 1m,Y,Verbatim from document text,V1: verbatim quote from the document text
M061,A09,2025-H1,S016,25,EUR m,600,600,EUR m,FACT,EUR 1m,Y,Verbatim from document text,V1: verbatim quote from the document text
M062,A09,2025-FY,S011,34,EUR m,1830,1830,EUR m,FACT,EUR 1m,Y,Verbatim from document text,V1: verbatim quote from the document text
M063,A09,2026-H1,S016,25,EUR m,705,705,EUR m,FACT,EUR 1m,Y,Verbatim from document text,V1: verbatim quote from the document text
M064,A10,2023-H1,S002,3 (key figures),EUR m,866,866,EUR m,FACT,EUR 1m,Y,Verbatim from document text; same in S006 p.8 prior-year column,V1: verbatim quote from the document text
M065,A10,2023-FY,S011,34,EUR m,1964,1964,EUR m,FACT,EUR 1m,Y,Verbatim from document text,V1: verbatim quote from the document text
M066,A10,2024-H1,S016,25,EUR m,850,850,EUR m,FACT,EUR 1m,Y,Verbatim from document text,V1: verbatim quote from the document text
M067,A10,2024-FY,S011,34,EUR m,2119,2119,EUR m,FACT,EUR 1m,Y,Verbatim from document text,V1: verbatim quote from the document text
M068,A10,2025-H1,S016,25,EUR m,965,965,EUR m,FACT,EUR 1m,Y,Verbatim from document text,V1: verbatim quote from the document text
M069,A10,2025-FY,S011,34,EUR m,2137,2137,EUR m,FACT,EUR 1m,Y,Verbatim from document text,V1: verbatim quote from the document text
M070,A10,2026-H1,S016,25,EUR m,906,906,EUR m,FACT,EUR 1m,Y,Verbatim from document text,V1: verbatim quote from the document text
M071,A11,2023-FY,S011,34,EUR m,1696,1696,EUR m,FACT,EUR 1m,Y,Verbatim from document text,V1: verbatim quote from the document text
M072,A11,2024-H1,S016,25,EUR m,849,849,EUR m,FACT,EUR 1m,Y,Verbatim from document text,V1: verbatim quote from the document text
M073,A11,2024-FY,S011,34,EUR m,1884,1884,EUR m,FACT,EUR 1m,Y,Verbatim from document text,V1: verbatim quote from the document text
M074,A11,2025-H1,S016,25,EUR m,1156,1156,EUR m,FACT,EUR 1m,Y,Verbatim from document text. Includes EUR 295m Cellforce impairment (S010 p.32).,V1: verbatim quote from the document text
M075,A11,2025-FY,S011,34,EUR m,2362,2362,EUR m,FACT,EUR 1m,Y,"Verbatim from document text. Includes around EUR 1,200m impairment losses (S011 slide 34 footnote).",V1: verbatim quote from the document text
M076,A11,2026-H1,S016,25,EUR m,854,854,EUR m,FACT,EUR 1m,Y,Verbatim from document text,V1: verbatim quote from the document text
M077,A12,2023-H1,S002,9 (Automotive EBITDA margin table),EUR m,1176,1176,EUR m,FACT,EUR 1m,Y,Verbatim from document text ('depreciation and amortization and impairment losses'); A02 + A12 = A03 exactly,V1: verbatim quote from the document text
M078,A12,2023-FY,S011,34,EUR m,2656,2656,EUR m,FACT,EUR 1m,Y,Verbatim from document text,V1: verbatim quote from the document text
M079,A12,2024-H1,S016,25,EUR m,1364,1364,EUR m,FACT,EUR 1m,Y,Verbatim from document text,V1: verbatim quote from the document text
M080,A12,2024-FY,S011,34,EUR m,2985,2985,EUR m,FACT,EUR 1m,Y,Verbatim from document text,V1: verbatim quote from the document text
M081,A12,2025-H1,S016,25,EUR m,1756,1756,EUR m,FACT,EUR 1m,Y,Verbatim from document text. Includes EUR 295m Cellforce impairment (S010 p.32).,V1: verbatim quote from the document text
M082,A12,2025-FY,S011,34,EUR m,4192,4192,EUR m,FACT,EUR 1m,Y,"Verbatim from document text. Includes around EUR 1,200m impairment losses (S011 slide 34 footnote).",V1: verbatim quote from the document text
M083,A12,2026-H1,S016,25,EUR m,1559,1559,EUR m,FACT,EUR 1m,Y,Verbatim from document text,V1: verbatim quote from the document text
M084,X01,2025-H1,S016,6 (footnote 1),EUR bn,0.7,700.0,EUR m,FACT,EUR 0.1bn,Y,'extraordinary expenses of EUR 0.7bn related to strategic realignment' - includes battery activities,V1: verbatim quote from the document text
M085,X01,2025-FY,S011,6,EUR bn,3.1,3100.0,EUR m,DERIVED,EUR 0.1bn,Y,"DERIVED = 2.4 (strategic realignment & product strategy) + 0.7 (battery activities), both printed on S011 slide 6 and in S015. Kept combined to match the H1 definition of X01.",V1 (DERIVED): both components (2.4 and 0.7) read from the raw text of S011 slide 6 and confirmed in S015
M086,X01,2026-H1,S016,6 and 11,EUR bn,0.1,100.0,EUR m,FACT,EUR 0.1bn,Y,NET burden 'approximately EUR 0.1bn' = ~0.4bn charges less ~0.3bn provision release (X04),V1: verbatim quote from the document text
M087,X02,2025-H1,S010,5 and 30,EUR bn,0.4,400.0,EUR m,FACT,EUR 0.1bn,Y,"Memo, inside X01. Verbatim: 'special expenses of EUR 0.4 billion ... write-downs of production facilities'. S009 slide 28 sub-split conflicts at 0.1bn level (AF-01).",V1: verbatim quote from the document text
M088,X02,2025-FY,S011,6,EUR bn,0.7,700.0,EUR m,FACT,EUR 0.1bn,Y,"Memo, inside X01. Also S015: 'approximately 700 million euros'.",V1: verbatim quote from the document text
M089,X03,2025-H1,S010,5 and 30,EUR bn,0.4,400.0,EUR m,FACT,EUR 0.1bn,Y,Verbatim: 'additional expenses of EUR 0.4 billion in the first half of the year 2025'; same in S016 p.6 fn1,V1: verbatim quote from the document text
M090,X03,2025-FY,S011,6,EUR bn,0.7,700.0,EUR m,FACT,EUR 0.1bn,Y,Also S015: 'approximately 700 million euros',V1: verbatim quote from the document text
M091,X03,2026-H1,S016,6 (footnote 2),EUR bn,0.4,400.0,EUR m,FACT,EUR 0.1bn,Y,'Included expenses of EUR 0.4 bn for US Tariffs',V1: verbatim quote from the document text
M092,X04,2026-H1,S016,6 and 11,EUR bn,0.3,300.0,EUR m,FACT,EUR 0.1bn,Y,Benefit 'of approximately EUR 0.3 bn from the release of a provision after successful supplier settlements',V1: verbatim quote from the document text
M094,X05,2023-H1,S002,38-39 (segment reporting),EUR m,0,0,EUR m,FACT,EUR 1m,Y,Automotive impairment losses shown as '-' (nil); only FS leased-asset impairments (EUR 75m),V1: verbatim quote from the document text
M096,X05,2024-H1,S006,38 (segment reporting),EUR m,0,0,EUR m,FACT,EUR 1m,Y,Automotive impairment losses shown as 0; FS EUR 87m,V1: verbatim quote from the document text
M098,X05,2025-H1,S010,32,EUR m,295,295,EUR m,FACT,EUR 1m,Y,"Verbatim: 'Depreciation of property, plant and equipment includes the impairment of Cellforce Group GmbH in the amount of EUR 295 million'",V1: verbatim quote from the document text
M099,X05,2025-FY,S011,34 (footnote),EUR m,1200,1200,EUR m,FACT,EUR 100m (text says 'around'),Y,"Verbatim footnote: 'Includes around EUR 1,200 mn of impairment losses due to the strategic realignment'",V1: verbatim quote from the document text
M100,X05,2026-H1,S017,29,EUR m,61,61,EUR m,DERIVED,EUR 1m,N,"DERIVED = 43 (Porsche eBike Performance) + 18 (Cellforce), both published. NOT confirmed that both sit inside automotive D&A (A12); treat as upper bound.","V4: DERIVED from two verbatim-quoted amounts (43 + 18, S017 p.29); classification inside automotive D&A NOT confirmed (assumption A-04)"
M101,F01,2023-H1,S002,38 (segment reporting),EUR m,1652,1652,EUR m,FACT,EUR 1m,Y,Verbatim from document text,V1: verbatim quote from the document text
M102,F01,2023-FY,S026,Financial services results of operations (2023 in brackets),EUR m,3444,3444,EUR m,FACT,EUR 1m,Y,Verbatim from document text,V1: verbatim quote from the document text
M103,F01,2024-H1,S006,38 (segment reporting),EUR m,1894,1894,EUR m,FACT,EUR 1m,Y,Verbatim from document text,V1: verbatim quote from the document text
M104,F01,2024-FY,S013,Financial services results of operations (2024 in brackets),EUR m,3910,3910,EUR m,FACT,EUR 1m,Y,Verbatim from document text,V1: verbatim quote from the document text
M105,F01,2025-H1,S010,42 (segment reporting),EUR m,2152,2152,EUR m,FACT,EUR 1m,Y,Verbatim from document text,V1: verbatim quote from the document text
M106,F01,2025-FY,S013,Financial services results of operations,EUR m,4384,4384,EUR m,FACT,EUR 1m,Y,Verbatim from document text,V1: verbatim quote from the document text
M107,F01,2026-H1,S017,39 (segment reporting),EUR m,2206,2206,EUR m,FACT,EUR 1m,Y,Verbatim from document text,V1: verbatim quote from the document text
M108,F02,2023-H1,S002,38 (segment reporting),EUR m,174,174,EUR m,FACT,EUR 1m,Y,Verbatim from document text,V1: verbatim quote from the document text
M109,F02,2023-FY,S026,Financial services results of operations (2023 in brackets),EUR m,302,302,EUR m,FACT,EUR 1m,Y,Verbatim from document text,V1: verbatim quote from the document text
M110,F02,2024-H1,S006,38 (segment reporting),EUR m,129,129,EUR m,FACT,EUR 1m,Y,Verbatim from document text,V1: verbatim quote from the document text
M111,F02,2024-FY,S013,Financial services results of operations (2024 in brackets),EUR m,278,278,EUR m,FACT,EUR 1m,Y,Verbatim from document text,V1: verbatim quote from the document text
M112,F02,2025-H1,S010,42 (segment reporting),EUR m,145,145,EUR m,FACT,EUR 1m,Y,Verbatim from document text,V1: verbatim quote from the document text
M113,F02,2025-FY,S013,Financial services results of operations,EUR m,259,259,EUR m,FACT,EUR 1m,Y,Verbatim from document text,V1: verbatim quote from the document text
M114,F02,2026-H1,S017,39 (segment reporting),EUR m,151,151,EUR m,FACT,EUR 1m,Y,Verbatim from document text,V1: verbatim quote from the document text
M115,B01,2023-FY,S003,55,EUR bn,1.3,1300.0,EUR m,FACT,EUR 0.1bn,Y,Values from automated extraction of slide text; confirmed by reconciliation of every bucket to the fact-sheet P&L (CHK8-CHK10) and of the total to reported EBIT (CHK7).,"V2: automated extraction of slide text, confirmed by reconciliation to fact sheet S025 (CHK7-CHK10; DQ09)"
M116,B01,2024-H1,S005,16,EUR bn,-0.46,-460.0,EUR m,FACT,EUR 0.01bn,Y,Values from automated extraction of slide text; confirmed by reconciliation of every bucket to the fact-sheet P&L (CHK8-CHK10) and of the total to reported EBIT (CHK7).,"V2: automated extraction of slide text, confirmed by reconciliation to fact sheet S025 (CHK7-CHK10; DQ09)"
M117,B01,2024-FY,S007,65,EUR bn,-1,-1000,EUR m,FACT,EUR 0.1bn,Y,Values from automated extraction of slide text; confirmed by reconciliation of every bucket to the fact-sheet P&L (CHK8-CHK10) and of the total to reported EBIT (CHK7).,"V2: automated extraction of slide text, confirmed by reconciliation to fact sheet S025 (CHK7-CHK10; DQ09)"
M118,B01,2025-H1,S009,28,EUR bn,-1.62,-1620.0,EUR m,FACT,EUR 0.01bn,Y,Values from automated extraction of slide text; confirmed by reconciliation of every bucket to the fact-sheet P&L (CHK8-CHK10) and of the total to reported EBIT (CHK7).,"V2: automated extraction of slide text, confirmed by reconciliation to fact sheet S025 (CHK7-CHK10; DQ09)"
M119,B01,2025-FY,S011,6,EUR bn,-4.17,-4170.0,EUR m,FACT,EUR 0.01bn,Y,"Raw slide text order: -4.17, -1.11, +0.26, -0.21 under labels GM w/o R&D, R&D, SG&A, Other. Mapping confirmed by CHK8-10 against the fact sheet.","V2: automated extraction of slide text, confirmed by reconciliation to fact sheet S025 (CHK7-CHK10; DQ09)"
M120,B01,2026-H1,S016,6,EUR bn,0.15,150.0,EUR m,FACT,EUR 0.01bn,Y,Values from automated extraction of slide text; confirmed by reconciliation of every bucket to the fact-sheet P&L (CHK8-CHK10) and of the total to reported EBIT (CHK7).,"V2: automated extraction of slide text, confirmed by reconciliation to fact sheet S025 (CHK7-CHK10; DQ09)"
M121,B02,2023-FY,S003,55,EUR bn,-0.2,-200.0,EUR m,FACT,EUR 0.1bn,Y,Values from automated extraction of slide text; confirmed by reconciliation of every bucket to the fact-sheet P&L (CHK8-CHK10) and of the total to reported EBIT (CHK7).,"V2: automated extraction of slide text, confirmed by reconciliation to fact sheet S025 (CHK7-CHK10; DQ09)"
M122,B02,2024-H1,S005,16,EUR bn,-0.24,-240.0,EUR m,FACT,EUR 0.01bn,Y,Values from automated extraction of slide text; confirmed by reconciliation of every bucket to the fact-sheet P&L (CHK8-CHK10) and of the total to reported EBIT (CHK7).,"V2: automated extraction of slide text, confirmed by reconciliation to fact sheet S025 (CHK7-CHK10; DQ09)"
M123,B02,2024-FY,S007,65,EUR bn,-0.3,-300.0,EUR m,FACT,EUR 0.1bn,Y,Values from automated extraction of slide text; confirmed by reconciliation of every bucket to the fact-sheet P&L (CHK8-CHK10) and of the total to reported EBIT (CHK7).,"V2: automated extraction of slide text, confirmed by reconciliation to fact sheet S025 (CHK7-CHK10; DQ09)"
M124,B02,2025-H1,S009,28,EUR bn,-0.22,-220.0,EUR m,FACT,EUR 0.01bn,Y,Values from automated extraction of slide text; confirmed by reconciliation of every bucket to the fact-sheet P&L (CHK8-CHK10) and of the total to reported EBIT (CHK7).,"V2: automated extraction of slide text, confirmed by reconciliation to fact sheet S025 (CHK7-CHK10; DQ09)"
M125,B02,2025-FY,S011,6,EUR bn,-1.11,-1110.0,EUR m,FACT,EUR 0.01bn,Y,"Raw slide text order: -4.17, -1.11, +0.26, -0.21 under labels GM w/o R&D, R&D, SG&A, Other. Mapping confirmed by CHK8-10 against the fact sheet.","V2: automated extraction of slide text, confirmed by reconciliation to fact sheet S025 (CHK7-CHK10; DQ09)"
M126,B02,2026-H1,S016,6,EUR bn,-0.05,-50.0,EUR m,FACT,EUR 0.01bn,Y,Values from automated extraction of slide text; confirmed by reconciliation of every bucket to the fact-sheet P&L (CHK8-CHK10) and of the total to reported EBIT (CHK7).,"V2: automated extraction of slide text, confirmed by reconciliation to fact sheet S025 (CHK7-CHK10; DQ09)"
M127,B03,2023-FY,S003,55,EUR bn,-0.6,-600.0,EUR m,FACT,EUR 0.1bn,Y,Values from automated extraction of slide text; confirmed by reconciliation of every bucket to the fact-sheet P&L (CHK8-CHK10) and of the total to reported EBIT (CHK7).,"V2: automated extraction of slide text, confirmed by reconciliation to fact sheet S025 (CHK7-CHK10; DQ09)"
M128,B03,2024-H1,S005,16,EUR bn,-0.16,-160.0,EUR m,FACT,EUR 0.01bn,Y,Values from automated extraction of slide text; confirmed by reconciliation of every bucket to the fact-sheet P&L (CHK8-CHK10) and of the total to reported EBIT (CHK7).,"V2: automated extraction of slide text, confirmed by reconciliation to fact sheet S025 (CHK7-CHK10; DQ09)"
M129,B03,2024-FY,S007,65,EUR bn,-0.3,-300.0,EUR m,FACT,EUR 0.1bn,Y,Values from automated extraction of slide text; confirmed by reconciliation of every bucket to the fact-sheet P&L (CHK8-CHK10) and of the total to reported EBIT (CHK7).,"V2: automated extraction of slide text, confirmed by reconciliation to fact sheet S025 (CHK7-CHK10; DQ09)"
M130,B03,2025-H1,S009,28,EUR bn,0.04,40.0,EUR m,FACT,EUR 0.01bn,Y,Values from automated extraction of slide text; confirmed by reconciliation of every bucket to the fact-sheet P&L (CHK8-CHK10) and of the total to reported EBIT (CHK7).,"V2: automated extraction of slide text, confirmed by reconciliation to fact sheet S025 (CHK7-CHK10; DQ09)"
M131,B03,2025-FY,S011,6,EUR bn,0.26,260.0,EUR m,FACT,EUR 0.01bn,Y,"Raw slide text order: -4.17, -1.11, +0.26, -0.21 under labels GM w/o R&D, R&D, SG&A, Other. Mapping confirmed by CHK8-10 against the fact sheet.","V2: automated extraction of slide text, confirmed by reconciliation to fact sheet S025 (CHK7-CHK10; DQ09)"
M132,B03,2026-H1,S016,6,EUR bn,0.01,10.0,EUR m,FACT,EUR 0.01bn,Y,Values from automated extraction of slide text; confirmed by reconciliation of every bucket to the fact-sheet P&L (CHK8-CHK10) and of the total to reported EBIT (CHK7).,"V2: automated extraction of slide text, confirmed by reconciliation to fact sheet S025 (CHK7-CHK10; DQ09)"
M133,B04,2023-FY,S003,55,EUR bn,0.1,100.0,EUR m,FACT,EUR 0.1bn,Y,Values from automated extraction of slide text; confirmed by reconciliation of every bucket to the fact-sheet P&L (CHK8-CHK10) and of the total to reported EBIT (CHK7).,"V2: automated extraction of slide text, confirmed by reconciliation to fact sheet S025 (CHK7-CHK10; DQ09)"
M134,B04,2024-H1,S005,16,EUR bn,0.08,80.0,EUR m,FACT,EUR 0.01bn,Y,Values from automated extraction of slide text; confirmed by reconciliation of every bucket to the fact-sheet P&L (CHK8-CHK10) and of the total to reported EBIT (CHK7).,"V2: automated extraction of slide text, confirmed by reconciliation to fact sheet S025 (CHK7-CHK10; DQ09)"
M135,B04,2024-FY,S007,65,EUR bn,-0.1,-100.0,EUR m,FACT,EUR 0.1bn,Y,Values from automated extraction of slide text; confirmed by reconciliation of every bucket to the fact-sheet P&L (CHK8-CHK10) and of the total to reported EBIT (CHK7).,"V2: automated extraction of slide text, confirmed by reconciliation to fact sheet S025 (CHK7-CHK10; DQ09)"
M136,B04,2025-H1,S009,28,EUR bn,-0.26,-260.0,EUR m,FACT,EUR 0.01bn,Y,Values from automated extraction of slide text; confirmed by reconciliation of every bucket to the fact-sheet P&L (CHK8-CHK10) and of the total to reported EBIT (CHK7).,"V2: automated extraction of slide text, confirmed by reconciliation to fact sheet S025 (CHK7-CHK10; DQ09)"
M137,B04,2025-FY,S011,6,EUR bn,-0.21,-210.0,EUR m,FACT,EUR 0.01bn,Y,"Raw slide text order: -4.17, -1.11, +0.26, -0.21 under labels GM w/o R&D, R&D, SG&A, Other. Mapping confirmed by CHK8-10 against the fact sheet.","V2: automated extraction of slide text, confirmed by reconciliation to fact sheet S025 (CHK7-CHK10; DQ09)"
M138,B04,2026-H1,S016,6,EUR bn,0.23,230.0,EUR m,FACT,EUR 0.01bn,Y,Values from automated extraction of slide text; confirmed by reconciliation of every bucket to the fact-sheet P&L (CHK8-CHK10) and of the total to reported EBIT (CHK7).,"V2: automated extraction of slide text, confirmed by reconciliation to fact sheet S025 (CHK7-CHK10; DQ09)"
M139,B05,2025-H1,S009,28,EUR bn,-1.1,-1100.0,EUR m,FACT,EUR 0.01bn,Y,MEMO '∑ app. -1.10' - already inside B01-B04,V1: verbatim quote from the document text
M140,B05,2025-FY,S011,6,EUR bn,-3.9,-3900.0,EUR m,FACT,EUR 0.1bn,Y,MEMO '∑ app. -3.9' - already inside B01-B04. Components printed: 2.4 / 0.7 / 0.7 (sum 3.8; Porsche rounds the total to 3.9),V1: verbatim quote from the document text
M141,B05,2026-H1,S016,6,EUR bn,-0.1,-100.0,EUR m,FACT,EUR 0.1bn,Y,MEMO '∑ app. -0.1' - already inside B01-B04,V1: verbatim quote from the document text
M142,O06,2023-H1,S005,20 (prior-year column),EUR k,111,111,EUR k,FACT,EUR 1k,Y,"Located by automated extraction of S005 slide 20 (prior-year column). Confirmed: A01 18,892m / S025 vehicle sales 170,802 = 110.61k, rounds to 111 (CHK6, MQ13).","V2: automated extraction, confirmed by reconciliation to fact sheet S025: A01 / vehicle sales = 110.61k -> rounds to published 111 (MQ13 tolerance 0.5k; 110 or 112 would fail)"
M144,O06,2024-H1,S009,32 (prior-year column),EUR k,116,116,EUR k,FACT,EUR 1k,Y,Verbatim from document text,V1: verbatim quote from the document text
M145,O06,2024-FY,S011,10 (prior-year column),EUR k,117,117,EUR k,FACT,EUR 1k,Y,Verbatim from document text,V1: verbatim quote from the document text
M146,O06,2025-H1,S016,10 (prior-year column),EUR k,119,119,EUR k,FACT,EUR 1k,Y,Verbatim from document text; same on S009 slide 32,V1: verbatim quote from the document text
M147,O06,2025-FY,S011,10,EUR k,121,121,EUR k,FACT,EUR 1k,Y,Verbatim from document text,V1: verbatim quote from the document text
M148,O06,2026-H1,S016,10,EUR k,126,126,EUR k,FACT,EUR 1k,Y,Verbatim from document text,V1: verbatim quote from the document text
M149,O07,2023-H1,S006,7 (prior-year value),%,10.8,10.8,%,FACT,0.1pp,Y,Verbatim from document text; same in S002 p.7. Porsche definition: 'the proportion of purely battery-powered electric vehicles' in deliveries,V1: verbatim quote from the document text
M150,O07,2023-FY,S007,66 (prior-year value),%,12.8,12.8,%,FACT,0.1pp,N,Located by automated extraction; also S003 slide 56. Porsche definition: 'the proportion of purely battery-powered electric vehicles' in deliveries,V3: automated extraction only (S007 slide 66 and S003 slide 56 agree); no independent arithmetic check exists
M151,O07,2024-H1,S006,7,%,5.9,5.9,%,FACT,0.1pp,Y,Verbatim from document text; confirmed as prior-year value in S010 p.8. Porsche definition: 'the proportion of purely battery-powered electric vehicles' in deliveries,V1: verbatim quote from the document text
M152,O07,2024-FY,S011,7,%,12.7,12.7,%,FACT,0.1pp,Y,Verbatim from document text (slide text),V1: verbatim quote from the document text
M153,O07,2025-H1,S010,8,%,23.5,23.5,%,FACT,0.1pp,Y,Verbatim from document text,V1: verbatim quote from the document text
M154,O07,2025-FY,S011,7,%,22.2,22.2,%,FACT,0.1pp,Y,Verbatim from document text (slide text),V1: verbatim quote from the document text
M155,O07,2026-H1,S017,8,%,19.4,19.4,%,FACT,0.1pp,Y,Verbatim from document text,V1: verbatim quote from the document text
