source_id,tier,publisher,document_title,doc_type,reporting_period,publication_date,url,file_name,notes
S001,1,Porsche AG,Press & Analyst Call H1 2023 (presentation),Presentation,H1 2023,2023-07,https://investorrelations.porsche.com/~/media/Files/P/porsche-ir/results-and-presentations/financial-reports-and-presentation/2023/q2/q2-2023-presentation.pdf,2023_H1_Presentation.pdf,"Shows revenue per DELIVERY (EUR 113k), not ASP per vehicle sold. No detailed R&D table. Bridge is qualitative only."
S002,1,Porsche AG,Half-Year Financial Report Jan-Jun 2023,Half-year report,H1 2023,2023-07,https://investorrelations.porsche.com/~/media/Files/P/porsche-ir/results-and-presentations/financial-reports-and-presentation/2023/q2/half-year-financial-report-2023.pdf,2023_H1_HalfYearReport.pdf,"Note 3 holds capitalised development costs, capitalisation ratio and amortisation for H1 2023."
S003,1,Porsche AG,Annual Press & Analyst Conference FY2023 (presentation),Presentation,FY 2023,2024-03,https://investorrelations.porsche.com/~/media/Files/P/porsche-ir/results-and-presentations/financial-reports-and-presentation/2023/q4-and-full-year/fy-2023-presentation.pdf,2023_FY_Presentation.pdf,R&D table has no depreciation-on-capex row; use S011 p.34 comparative instead.
S004,1,Porsche AG,Annual & Sustainability Report 2023 (IFRS),Annual report,FY 2023,2024-03,https://investorrelations.porsche.com/~/media/Files/P/porsche-ir/results-and-presentations/financial-reports-and-presentation/2023/q4-and-full-year/annual-and-sustainability-report-2023-porsche-ag-consolidated-financial-statements-ifrs.pdf,2023_FY_AnnualReport.pdf,Page locations not yet mapped (file 14.7 MB; could not be parsed remotely).
S005,1,Porsche AG,Press & Analyst Call H1 2024 (presentation),Presentation,H1 2024,2024-07,https://investorrelations.porsche.com/~/media/Files/P/porsche-ir/results-and-presentations/financial-reports-and-presentation/2024/q2/q2-2024-presentation.pdf,2024_H1_Presentation.pdf,R&D table present but no depreciation-on-capex row.
S006,1,Porsche AG,Half-Year Financial Report Jan-Jun 2024,Half-year report,H1 2024,2024-07,https://investorrelations.porsche.com/~/media/Files/P/porsche-ir/results-and-presentations/financial-reports-and-presentation/2024/q2/half-year-financial-report-2024.pdf,2024_H1_HalfYearReport.pdf,
S007,1,Porsche AG,Annual Press & Analyst Conference FY2024 (presentation),Presentation,FY 2024,2025-03,https://investorrelations.porsche.com/~/media/Files/P/porsche-ir/results-and-presentations/financial-reports-and-presentation/2024/q4-and-full-year/fy24-presentation.pdf,2024_FY_Presentation.pdf,Deck is long (results section starts ~p.60). R&D table has no depreciation-on-capex row.
S008,1,Porsche AG,Annual & Sustainability Report 2024 (IFRS),Annual report,FY 2024,2025-03,https://investorrelations.porsche.com/~/media/Files/P/porsche-ir/results-and-presentations/financial-reports-and-presentation/2024/q4-and-full-year/annual-and-sustainability-report-2024-porsche-ag-consolidated-financial-statements-ifrs.pdf,2024_FY_AnnualReport.pdf,Page locations not yet mapped (17 MB).
S009,1,Porsche AG,Press & Analyst Call H1 2025 (presentation),Presentation,H1 2025,2025-07-30,https://investorrelations.porsche.com/~/media/Files/P/porsche-ir/results-and-presentations/financial-reports-and-presentation/2025/q2/h1-2025-presentation-1.pdf,2025_H1_Presentation.pdf,Full text read. Slide 28 one-off sub-split conflicts with S010 text; see Audit_Findings AF-01.
S010,1,Porsche AG,Half-Year Financial Report Jan-Jun 2025,Half-year report,H1 2025,2025-07-30,https://investorrelations.porsche.com/~/media/Files/P/porsche-ir/results-and-presentations/financial-reports-and-presentation/2025/q2/half-year-financial-report-2025-en.pdf,2025_H1_HalfYearReport.pdf,"Verbatim quotes verified for p.5, p.18, p.30, p.32."
S011,1,Porsche AG,Annual Press & Analyst Conference FY2025 (presentation),Presentation,FY 2025,2026-03-11,https://investorrelations.porsche.com/~/media/Files/P/porsche-ir/results-and-presentations-de/financial-reports-and-presentation/2025/q4-and-full-year/FY25%20Presentation.pdf,2025_FY_Presentation.pdf,"Slide 34 verified in full, incl. footnote on ~EUR 1,200m impairments. Does NOT split EUR 3.9bn one-offs by category (use S015)."
S012,1,Porsche AG,Annual & Sustainability Report 2025 (IFRS),Annual report,FY 2025,2026-03-11,https://investorrelations.porsche.com/~/media/Files/P/porsche-ir/results-and-presentations/financial-reports-and-presentation/2025/q4/annual-and-sustainability-report-2025-porsche-ag-consolidated-financial-statements-ifrs.pdf,2025_FY_AnnualReport.pdf,Too large to parse remotely; pages from table of contents only.
S013,1,Porsche AG,"Annual Report 2025 online - Results of Operations, Financial Position and Net Assets",Annual report (web),FY 2025,2026-03-11,https://newsroom.porsche.com/en/annual-sustainability-report/combined-management-report/results-of-operations-financial-position-and-net-assets/,2025_FY_AR_web_ResultsOfOperations.pdf (print to PDF),"Web page: cite by section heading, not page."
S014,1,Porsche AG,Annual Report 2025 online - Business Development (production by plant),Annual report (web),FY 2025,2026-03-11,https://newsroom.porsche.com/en/annual-sustainability-report/combined-management-report/business-development/,2025_FY_AR_web_BusinessDevelopment.pdf (print to PDF),Web page: cite by section heading.
S015,1,Porsche AG,Annual Press Conference 2026 press release (FY2025 results),Press release,FY 2025,2026-03-11,https://newsroom.porsche.com/en/2026/company/porsche-annual-press-conference-financial-year-2025-annual-and-sustainability-report-41708.html,2025_FY_PressRelease.pdf (print to PDF),Only source found that splits FY2025 one-offs by category.
S016,1,Porsche AG,Analyst & Investor Call H1 2026 (presentation),Presentation,H1 2026,2026-07-29,https://investorrelations.porsche.com/~/media/Files/P/porsche-ir/results-and-presentations/financial-reports-and-presentation/2026/q2/H1-2026-Presentation.pdf,2026_H1_Presentation.pdf,Full text read. Preferred source for H1 2024/H1 2025 comparatives (latest document rule).
S017,1,Porsche AG,Half-Year Financial Report Jan-Jun 2026,Half-year report,H1 2026,2026-07-29,https://investorrelations.porsche.com/~/media/Files/P/porsche-ir/results-and-presentations/financial-reports-and-presentation/2026/q2/half-year-financial-report-2026-en.pdf,2026_H1_HalfYearReport.pdf,
S018,1,Porsche AG,Newsroom release: H1 2026 financial figures,Press release,H1 2026,2026-07-29,https://newsroom.porsche.com/en/2026/company/porsche-financial-figures-half-year-2026-42785.html,2026_H1_PressRelease.pdf (print to PDF),States prior-year net realignment burden 'around 800 million' vs EUR 0.7bn in S016 p.6. Discrepancy logged (AF-04).
S019,1,Porsche AG,Fact Sheet H1 2023 (XLSX),Fact sheet (Excel),H1 2023,2023-07,https://investorrelations.porsche.com/~/media/Files/P/porsche-ir/results-and-presentations/financial-reports-and-presentation/2023/q2/q2-2023-fact-sheet-porsche-ag.xlsx,2023_H1_FactSheet.xlsx,NOT YET INSPECTED - binary file could not be read remotely. Download and send to lead analyst.
S020,1,Porsche AG,Fact Sheet FY2023 (XLSX),Fact sheet (Excel),FY 2023,2024-03,https://investorrelations.porsche.com/~/media/Files/P/porsche-ir/results-and-presentations/financial-reports-and-presentation/2023/q4-and-full-year/fy-2023-fact-sheet-porsche-ag.xlsx,2023_FY_FactSheet.xlsx,NOT YET INSPECTED.
S021,1,Porsche AG,Fact Sheet H1 2024 (XLSX),Fact sheet (Excel),H1 2024,2024-07,https://investorrelations.porsche.com/~/media/Files/P/porsche-ir/results-and-presentations/financial-reports-and-presentation/2024/q2/q2-2024-fact-sheet-porsche-ag.xlsx,2024_H1_FactSheet.xlsx,NOT YET INSPECTED.
S022,1,Porsche AG,Fact Sheet FY2024 (XLSX),Fact sheet (Excel),FY 2024,2025-03,https://investorrelations.porsche.com/~/media/Files/P/porsche-ir/results-and-presentations/financial-reports-and-presentation/2024/q4-and-full-year/fy-2024-fact-sheet-porsche-ag.xlsx,2024_FY_FactSheet.xlsx,NOT YET INSPECTED.
S023,1,Porsche AG,Fact Sheet H1 2025 (XLSX),Fact sheet (Excel),H1 2025,2025-07,https://investorrelations.porsche.com/~/media/Files/P/porsche-ir/results-and-presentations/financial-reports-and-presentation/2025/q2/q2-2025-fact-sheet-porsche-ag.xlsx,2025_H1_FactSheet.xlsx,NOT YET INSPECTED.
S024,1,Porsche AG,Fact Sheet FY2025 (XLSX),Fact sheet (Excel),FY 2025,2026-03,https://investorrelations.porsche.com/~/media/Files/P/porsche-ir/results-and-presentations-de/financial-reports-and-presentation/2025/q4-and-full-year/FY-2025-fact-sheet-porsche-ag.xlsx,2025_FY_FactSheet.xlsx,"INSPECTED 2026-09-28. Same 4 data sheets as S025, periods Q1 2022-Q4 2025. All 728 overlapping values identical to S025 (no restatements)."
S025,1,Porsche AG,Fact Sheet H1 2026 (XLSX),Fact sheet (Excel),H1 2026,2026-07,https://investorrelations.porsche.com/~/media/Files/P/porsche-ir/results-and-presentations/financial-reports-and-presentation/2026/q2/Q2-2026-fact-sheet-porsche-ag.xlsx,2026_H1_FactSheet.xlsx,"INSPECTED 2026-09-28. Sheets: 01 Group EBIT, 02 Automotive CF, 03 Sales_deliveries by Region, 04 Sales_deliveries by Model. Header defect: sheet 01 cell F28 reads 'Q1 2025' but holds Q1 2026 values (AF-07). 2022 figures marked * = IFRS 17 restated."
S026,1,Porsche AG,Annual & Sustainability Report 2024 online - Results of Operations (FY2024 with FY2023 comparatives),Annual report (web),FY 2024,2025-03,https://newsroom.porsche.com/en/annual-sustainability-report/2024/combined-management-report/results-of-operations-financial-position-and-net-assets/,2024_FY_AR_web_ResultsOfOperations.pdf (print to PDF),Added in Phase 2 to replace unparseable S004/S008 PDFs for segment figures. Cite by section heading.
