check_id,check_name,period_code,item,expected,actual,difference,tolerance,status,run_at
DQ01,Quarters sum to reported YTD (fact sheet),2023-9M,A13a,6435.2988,6435.2988,0.0000,0.0100,PASS,2026-09-28 23:14:27.05082
DQ01,Quarters sum to reported YTD (fact sheet),2023-9M,A13b,-3049.4156,-3049.4156,0.0000,0.0100,PASS,2026-09-28 23:14:27.05082
DQ01,Quarters sum to reported YTD (fact sheet),2023-9M,G01,30132.3092,30132.3092,0.0000,0.0100,PASS,2026-09-28 23:14:27.05082
DQ01,Quarters sum to reported YTD (fact sheet),2023-9M,G02,-21543.0608,-21543.0608,0.0000,0.0100,PASS,2026-09-28 23:14:27.05082
DQ01,Quarters sum to reported YTD (fact sheet),2023-9M,G03,8589.2484,8589.2484,0.0000,0.0100,PASS,2026-09-28 23:14:27.05082
DQ01,Quarters sum to reported YTD (fact sheet),2023-9M,G04,-2010.0207,-2010.0207,0.0000,0.0100,PASS,2026-09-28 23:14:27.05082
DQ01,Quarters sum to reported YTD (fact sheet),2023-9M,G05,-1378.6237,-1378.6237,0.0000,0.0100,PASS,2026-09-28 23:14:27.05082
DQ01,Quarters sum to reported YTD (fact sheet),2023-9M,G06,300.8277,300.8277,0.0000,0.0100,PASS,2026-09-28 23:14:27.05082
DQ01,Quarters sum to reported YTD (fact sheet),2023-9M,G07,5501.4317,5501.4317,0.0000,0.0100,PASS,2026-09-28 23:14:27.05082
DQ01,Quarters sum to reported YTD (fact sheet),2023-9M,O01,242722.0000,242722.0000,0.0000,0.0100,PASS,2026-09-28 23:14:27.05082
DQ01,Quarters sum to reported YTD (fact sheet),2023-9M,O04,250192.0000,250192.0000,0.0000,0.0100,PASS,2026-09-28 23:14:27.05082
DQ01,Quarters sum to reported YTD (fact sheet),2023-9M,A13,3385.8832,3385.8832,0.0000,0.0100,PASS,2026-09-28 23:14:27.05082
DQ01,Quarters sum to reported YTD (fact sheet),2023-FY,A13,3973.4293,3973.4293,0.0000,0.0100,PASS,2026-09-28 23:14:27.05082
DQ01,Quarters sum to reported YTD (fact sheet),2023-FY,A13a,8255.7248,8255.7248,0.0000,0.0100,PASS,2026-09-28 23:14:27.05082
DQ01,Quarters sum to reported YTD (fact sheet),2023-FY,A13b,-4282.2954,-4282.2954,0.0000,0.0100,PASS,2026-09-28 23:14:27.05082
DQ01,Quarters sum to reported YTD (fact sheet),2023-FY,G01,40529.6323,40529.6323,0.0000,0.0100,PASS,2026-09-28 23:14:27.05082
DQ01,Quarters sum to reported YTD (fact sheet),2023-FY,G02,-28923.7694,-28923.7694,0.0000,0.0100,PASS,2026-09-28 23:14:27.05082
DQ01,Quarters sum to reported YTD (fact sheet),2023-FY,G03,11605.8629,11605.8629,0.0000,0.0100,PASS,2026-09-28 23:14:27.05082
DQ01,Quarters sum to reported YTD (fact sheet),2023-FY,G04,-2869.3914,-2869.3914,0.0000,0.0100,PASS,2026-09-28 23:14:27.05082
DQ01,Quarters sum to reported YTD (fact sheet),2023-FY,G05,-1786.7850,-1786.7850,0.0000,0.0100,PASS,2026-09-28 23:14:27.05082
DQ01,Quarters sum to reported YTD (fact sheet),2023-FY,G06,334.6212,334.6212,0.0000,0.0100,PASS,2026-09-28 23:14:27.05082
DQ01,Quarters sum to reported YTD (fact sheet),2023-FY,G07,7284.3076,7284.3076,0.0000,0.0100,PASS,2026-09-28 23:14:27.05082
DQ01,Quarters sum to reported YTD (fact sheet),2023-FY,O01,320221.0000,320221.0000,0.0000,0.0100,PASS,2026-09-28 23:14:27.05082
DQ01,Quarters sum to reported YTD (fact sheet),2023-FY,O04,333605.0000,333605.0000,0.0000,0.0100,PASS,2026-09-28 23:14:27.05082
DQ01,Quarters sum to reported YTD (fact sheet),2023-H1,A13,2216.9809,2216.9809,0.0000,0.0100,PASS,2026-09-28 23:14:27.05082
DQ01,Quarters sum to reported YTD (fact sheet),2023-H1,A13a,4391.6849,4391.6849,0.0000,0.0100,PASS,2026-09-28 23:14:27.05082
DQ01,Quarters sum to reported YTD (fact sheet),2023-H1,A13b,-2174.7040,-2174.7040,0.0000,0.0100,PASS,2026-09-28 23:14:27.05082
DQ01,Quarters sum to reported YTD (fact sheet),2023-H1,G01,20430.9225,20430.9225,0.0000,0.0100,PASS,2026-09-28 23:14:27.05082
DQ01,Quarters sum to reported YTD (fact sheet),2023-H1,G02,-14521.5148,-14521.5148,0.0000,0.0100,PASS,2026-09-28 23:14:27.05082
DQ01,Quarters sum to reported YTD (fact sheet),2023-H1,G03,5909.4077,5909.4077,0.0000,0.0100,PASS,2026-09-28 23:14:27.05082
DQ01,Quarters sum to reported YTD (fact sheet),2023-H1,G04,-1292.9307,-1292.9307,0.0000,0.0100,PASS,2026-09-28 23:14:27.05082
DQ01,Quarters sum to reported YTD (fact sheet),2023-H1,G05,-875.0956,-875.0956,0.0000,0.0100,PASS,2026-09-28 23:14:27.05082
DQ01,Quarters sum to reported YTD (fact sheet),2023-H1,G06,110.8539,110.8539,0.0000,0.0100,PASS,2026-09-28 23:14:27.05082
DQ01,Quarters sum to reported YTD (fact sheet),2023-H1,G07,3852.2352,3852.2352,0.0000,0.0100,PASS,2026-09-28 23:14:27.05082
DQ01,Quarters sum to reported YTD (fact sheet),2023-H1,O01,167354.0000,167354.0000,0.0000,0.0100,PASS,2026-09-28 23:14:27.05082
DQ01,Quarters sum to reported YTD (fact sheet),2023-H1,O04,170802.0000,170802.0000,0.0000,0.0100,PASS,2026-09-28 23:14:27.05082
DQ01,Quarters sum to reported YTD (fact sheet),2024-9M,A13,1234.8851,1234.8851,0.0000,0.0100,PASS,2026-09-28 23:14:27.05082
DQ01,Quarters sum to reported YTD (fact sheet),2024-9M,A13a,4714.0298,4714.0298,0.0000,0.0100,PASS,2026-09-28 23:14:27.05082
DQ01,Quarters sum to reported YTD (fact sheet),2024-9M,A13b,-3479.1447,-3479.1447,0.0000,0.0100,PASS,2026-09-28 23:14:27.05082
DQ01,Quarters sum to reported YTD (fact sheet),2024-9M,G01,28563.9572,28563.9572,0.0000,0.0100,PASS,2026-09-28 23:14:27.05082
DQ01,Quarters sum to reported YTD (fact sheet),2024-9M,G02,-21279.3643,-21279.3643,0.0000,0.0100,PASS,2026-09-28 23:14:27.05082
DQ01,Quarters sum to reported YTD (fact sheet),2024-9M,G03,7284.5928,7284.5928,0.0000,0.0100,PASS,2026-09-28 23:14:27.05082
DQ01,Quarters sum to reported YTD (fact sheet),2024-9M,G04,-2148.4956,-2148.4956,0.0000,0.0100,PASS,2026-09-28 23:14:27.05082
DQ01,Quarters sum to reported YTD (fact sheet),2024-9M,G05,-1367.6915,-1367.6915,0.0000,0.0100,PASS,2026-09-28 23:14:27.05082
DQ01,Quarters sum to reported YTD (fact sheet),2024-9M,G06,266.7245,266.7245,0.0000,0.0100,PASS,2026-09-28 23:14:27.05082
DQ01,Quarters sum to reported YTD (fact sheet),2024-9M,G07,4035.1302,4035.1302,0.0000,0.0100,PASS,2026-09-28 23:14:27.05082
DQ01,Quarters sum to reported YTD (fact sheet),2024-9M,O01,226026.0000,226026.0000,0.0000,0.0100,PASS,2026-09-28 23:14:27.05082
DQ01,Quarters sum to reported YTD (fact sheet),2024-9M,O04,221304.0000,221304.0000,0.0000,0.0100,PASS,2026-09-28 23:14:27.05082
DQ01,Quarters sum to reported YTD (fact sheet),2024-FY,A13,3734.6258,3734.6258,0.0000,0.0100,PASS,2026-09-28 23:14:27.05082
DQ01,Quarters sum to reported YTD (fact sheet),2024-FY,A13a,7750.3270,7750.3270,0.0000,0.0100,PASS,2026-09-28 23:14:27.05082
DQ01,Quarters sum to reported YTD (fact sheet),2024-FY,A13b,-4015.7011,-4015.7011,0.0000,0.0100,PASS,2026-09-28 23:14:27.05082
DQ01,Quarters sum to reported YTD (fact sheet),2024-FY,G01,40083.2930,40083.2930,0.0000,0.0100,PASS,2026-09-28 23:14:27.05082
DQ01,Quarters sum to reported YTD (fact sheet),2024-FY,G02,-29755.8658,-29755.8658,0.0000,0.0100,PASS,2026-09-28 23:14:27.05082
DQ01,Quarters sum to reported YTD (fact sheet),2024-FY,G03,10327.4272,10327.4272,0.0000,0.0100,PASS,2026-09-28 23:14:27.05082
DQ01,Quarters sum to reported YTD (fact sheet),2024-FY,G04,-3099.3952,-3099.3952,0.0000,0.0100,PASS,2026-09-28 23:14:27.05082
DQ01,Quarters sum to reported YTD (fact sheet),2024-FY,G05,-1859.2813,-1859.2813,0.0000,0.0100,PASS,2026-09-28 23:14:27.05082
DQ01,Quarters sum to reported YTD (fact sheet),2024-FY,G06,268.1420,268.1420,0.0000,0.0100,PASS,2026-09-28 23:14:27.05082
DQ01,Quarters sum to reported YTD (fact sheet),2024-FY,G07,5636.8926,5636.8926,0.0000,0.0100,PASS,2026-09-28 23:14:27.05082
DQ01,Quarters sum to reported YTD (fact sheet),2024-FY,O01,310718.0000,310718.0000,0.0000,0.0100,PASS,2026-09-28 23:14:27.05082
DQ01,Quarters sum to reported YTD (fact sheet),2024-FY,O04,312620.0000,312620.0000,0.0000,0.0100,PASS,2026-09-28 23:14:27.05082
DQ01,Quarters sum to reported YTD (fact sheet),2024-H1,A13,1117.0000,1117.0000,0.0000,0.0100,PASS,2026-09-28 23:14:27.05082
DQ01,Quarters sum to reported YTD (fact sheet),2024-H1,A13a,3387.0406,3387.0406,0.0000,0.0100,PASS,2026-09-28 23:14:27.05082
DQ01,Quarters sum to reported YTD (fact sheet),2024-H1,A13b,-2270.1510,-2270.1510,0.0000,0.0100,PASS,2026-09-28 23:14:27.05082
DQ01,Quarters sum to reported YTD (fact sheet),2024-H1,G01,19457.0087,19457.0087,0.0000,0.0100,PASS,2026-09-28 23:14:27.05082
DQ01,Quarters sum to reported YTD (fact sheet),2024-H1,G02,-14251.0291,-14251.0291,0.0000,0.0100,PASS,2026-09-28 23:14:27.05082
DQ01,Quarters sum to reported YTD (fact sheet),2024-H1,G03,5205.9796,5205.9796,0.0000,0.0100,PASS,2026-09-28 23:14:27.05082
DQ01,Quarters sum to reported YTD (fact sheet),2024-H1,G04,-1379.2659,-1379.2659,0.0000,0.0100,PASS,2026-09-28 23:14:27.05082
DQ01,Quarters sum to reported YTD (fact sheet),2024-H1,G05,-951.8289,-951.8289,0.0000,0.0100,PASS,2026-09-28 23:14:27.05082
DQ01,Quarters sum to reported YTD (fact sheet),2024-H1,G06,186.5707,186.5707,0.0000,0.0100,PASS,2026-09-28 23:14:27.05082
DQ01,Quarters sum to reported YTD (fact sheet),2024-H1,G07,3061.4555,3061.4555,0.0000,0.0100,PASS,2026-09-28 23:14:27.05082
DQ01,Quarters sum to reported YTD (fact sheet),2024-H1,O01,155945.0000,155945.0000,0.0000,0.0100,PASS,2026-09-28 23:14:27.05082
DQ01,Quarters sum to reported YTD (fact sheet),2024-H1,O04,151944.0000,151944.0000,0.0000,0.0100,PASS,2026-09-28 23:14:27.05082
DQ01,Quarters sum to reported YTD (fact sheet),2025-9M,A13,1339.8483,1339.8483,0.0000,0.0100,PASS,2026-09-28 23:14:27.05082
DQ01,Quarters sum to reported YTD (fact sheet),2025-9M,A13a,3454.5828,3454.5828,0.0000,0.0100,PASS,2026-09-28 23:14:27.05082
DQ01,Quarters sum to reported YTD (fact sheet),2025-9M,A13b,-2114.7344,-2114.7344,0.0000,0.0100,PASS,2026-09-28 23:14:27.05082
DQ01,Quarters sum to reported YTD (fact sheet),2025-9M,G01,26863.7553,26863.7553,0.0000,0.0100,PASS,2026-09-28 23:14:27.05082
DQ01,Quarters sum to reported YTD (fact sheet),2025-9M,G02,-23590.2932,-23590.2932,0.0000,0.0100,PASS,2026-09-28 23:14:27.05082
DQ01,Quarters sum to reported YTD (fact sheet),2025-9M,G03,3273.4620,3273.4620,0.0000,0.0100,PASS,2026-09-28 23:14:27.05082
DQ01,Quarters sum to reported YTD (fact sheet),2025-9M,G04,-2045.5165,-2045.5165,0.0000,0.0100,PASS,2026-09-28 23:14:27.05082
DQ01,Quarters sum to reported YTD (fact sheet),2025-9M,G05,-1411.3696,-1411.3696,0.0000,0.0100,PASS,2026-09-28 23:14:27.05082
DQ01,Quarters sum to reported YTD (fact sheet),2025-9M,G06,223.7613,223.7613,0.0000,0.0100,PASS,2026-09-28 23:14:27.05082
DQ01,Quarters sum to reported YTD (fact sheet),2025-9M,G07,40.3372,40.3372,0.0000,0.0100,PASS,2026-09-28 23:14:27.05082
DQ01,Quarters sum to reported YTD (fact sheet),2025-9M,O01,212509.0000,212509.0000,0.0000,0.0100,PASS,2026-09-28 23:14:27.05082
DQ01,Quarters sum to reported YTD (fact sheet),2025-9M,O04,198055.0000,198055.0000,0.0000,0.0100,PASS,2026-09-28 23:14:27.05082
DQ01,Quarters sum to reported YTD (fact sheet),2025-FY,A13,1511.1159,1511.1159,0.0000,0.0100,PASS,2026-09-28 23:14:27.05082
DQ01,Quarters sum to reported YTD (fact sheet),2025-FY,A13a,4823.2736,4823.2736,0.0000,0.0100,PASS,2026-09-28 23:14:27.05082
DQ01,Quarters sum to reported YTD (fact sheet),2025-FY,A13b,-3312.1577,-3312.1577,0.0000,0.0100,PASS,2026-09-28 23:14:27.05082
DQ01,Quarters sum to reported YTD (fact sheet),2025-FY,G01,36271.6279,36271.6279,0.0000,0.0100,PASS,2026-09-28 23:14:27.05082
DQ01,Quarters sum to reported YTD (fact sheet),2025-FY,G02,-31220.7500,-31220.7500,0.0000,0.0100,PASS,2026-09-28 23:14:27.05082
DQ01,Quarters sum to reported YTD (fact sheet),2025-FY,G03,5050.8779,5050.8779,0.0000,0.0100,PASS,2026-09-28 23:14:27.05082
DQ01,Quarters sum to reported YTD (fact sheet),2025-FY,G04,-2795.5823,-2795.5823,0.0000,0.0100,PASS,2026-09-28 23:14:27.05082
DQ01,Quarters sum to reported YTD (fact sheet),2025-FY,G05,-1898.6634,-1898.6634,0.0000,0.0100,PASS,2026-09-28 23:14:27.05082
DQ01,Quarters sum to reported YTD (fact sheet),2025-FY,G06,56.6517,56.6517,0.0000,0.0100,PASS,2026-09-28 23:14:27.05082
DQ01,Quarters sum to reported YTD (fact sheet),2025-FY,G07,413.2840,413.2840,0.0000,0.0100,PASS,2026-09-28 23:14:27.05082
DQ01,Quarters sum to reported YTD (fact sheet),2025-FY,O01,279449.0000,279449.0000,0.0000,0.0100,PASS,2026-09-28 23:14:27.05082
DQ01,Quarters sum to reported YTD (fact sheet),2025-FY,O04,265663.0000,265663.0000,0.0000,0.0100,PASS,2026-09-28 23:14:27.05082
DQ01,Quarters sum to reported YTD (fact sheet),2025-H1,O04,135142.0000,135142.0000,0.0000,0.0100,PASS,2026-09-28 23:14:27.05082
DQ01,Quarters sum to reported YTD (fact sheet),2025-H1,A13,393.9943,393.9943,0.0000,0.0100,PASS,2026-09-28 23:14:27.05082
DQ01,Quarters sum to reported YTD (fact sheet),2025-H1,A13a,2017.8870,2017.8870,0.0000,0.0100,PASS,2026-09-28 23:14:27.05082
DQ01,Quarters sum to reported YTD (fact sheet),2025-H1,A13b,-1623.8927,-1623.8927,0.0000,0.0100,PASS,2026-09-28 23:14:27.05082
DQ01,Quarters sum to reported YTD (fact sheet),2025-H1,G01,18157.2750,18157.2750,0.0000,0.0100,PASS,2026-09-28 23:14:27.05082
DQ01,Quarters sum to reported YTD (fact sheet),2025-H1,G02,-14793.3860,-14793.3860,0.0000,0.0100,PASS,2026-09-28 23:14:27.05082
DQ01,Quarters sum to reported YTD (fact sheet),2025-H1,G03,3363.8889,3363.8889,0.0000,0.0100,PASS,2026-09-28 23:14:27.05082
DQ01,Quarters sum to reported YTD (fact sheet),2025-H1,G04,-1310.3138,-1310.3138,0.0000,0.0100,PASS,2026-09-28 23:14:27.05082
DQ01,Quarters sum to reported YTD (fact sheet),2025-H1,G05,-977.8533,-977.8533,0.0000,0.0100,PASS,2026-09-28 23:14:27.05082
DQ01,Quarters sum to reported YTD (fact sheet),2025-H1,G06,-68.9305,-68.9305,0.0000,0.0100,PASS,2026-09-28 23:14:27.05082
DQ01,Quarters sum to reported YTD (fact sheet),2025-H1,G07,1006.7913,1006.7913,0.0000,0.0100,PASS,2026-09-28 23:14:27.05082
DQ01,Quarters sum to reported YTD (fact sheet),2025-H1,O01,146391.0000,146391.0000,0.0000,0.0100,PASS,2026-09-28 23:14:27.05082
DQ01,Quarters sum to reported YTD (fact sheet),2026-H1,A13,1020.2448,1020.2448,0.0000,0.0100,PASS,2026-09-28 23:14:27.05082
DQ01,Quarters sum to reported YTD (fact sheet),2026-H1,A13a,2431.8118,2431.8118,0.0000,0.0100,PASS,2026-09-28 23:14:27.05082
DQ01,Quarters sum to reported YTD (fact sheet),2026-H1,A13b,-1411.5670,-1411.5670,0.0000,0.0100,PASS,2026-09-28 23:14:27.05082
DQ01,Quarters sum to reported YTD (fact sheet),2026-H1,G01,17229.4555,17229.4555,0.0000,0.0100,PASS,2026-09-28 23:14:27.05082
DQ01,Quarters sum to reported YTD (fact sheet),2026-H1,G02,-13763.6250,-13763.6250,0.0000,0.0100,PASS,2026-09-28 23:14:27.05082
DQ01,Quarters sum to reported YTD (fact sheet),2026-H1,G03,3465.8305,3465.8305,0.0000,0.0100,PASS,2026-09-28 23:14:27.05082
DQ01,Quarters sum to reported YTD (fact sheet),2026-H1,G04,-1278.4594,-1278.4594,0.0000,0.0100,PASS,2026-09-28 23:14:27.05082
DQ01,Quarters sum to reported YTD (fact sheet),2026-H1,G05,-997.0723,-997.0723,0.0000,0.0100,PASS,2026-09-28 23:14:27.05082
DQ01,Quarters sum to reported YTD (fact sheet),2026-H1,G06,157.8863,157.8863,0.0000,0.0100,PASS,2026-09-28 23:14:27.05082
DQ01,Quarters sum to reported YTD (fact sheet),2026-H1,G07,1348.1850,1348.1850,0.0000,0.0100,PASS,2026-09-28 23:14:27.05082
DQ01,Quarters sum to reported YTD (fact sheet),2026-H1,O01,122306.0000,122306.0000,0.0000,0.0100,PASS,2026-09-28 23:14:27.05082
DQ01,Quarters sum to reported YTD (fact sheet),2026-H1,O04,120508.0000,120508.0000,0.0000,0.0100,PASS,2026-09-28 23:14:27.05082
DQ02,Derived H2 = Q3 + Q4,2023-H2,O01,152867.0000,152867.0000,0.0000,0.0100,PASS,2026-09-28 23:14:27.059223
DQ02,Derived H2 = Q3 + Q4,2023-H2,A13,1756.4485,1756.4485,0.0000,0.0100,PASS,2026-09-28 23:14:27.059223
DQ02,Derived H2 = Q3 + Q4,2023-H2,A13a,3864.0398,3864.0398,0.0000,0.0100,PASS,2026-09-28 23:14:27.059223
DQ02,Derived H2 = Q3 + Q4,2023-H2,A13b,-2107.5914,-2107.5914,0.0000,0.0100,PASS,2026-09-28 23:14:27.059223
DQ02,Derived H2 = Q3 + Q4,2023-H2,G01,20098.7098,20098.7098,0.0000,0.0100,PASS,2026-09-28 23:14:27.059223
DQ02,Derived H2 = Q3 + Q4,2023-H2,G02,-14402.2545,-14402.2545,0.0000,0.0100,PASS,2026-09-28 23:14:27.059223
DQ02,Derived H2 = Q3 + Q4,2023-H2,G03,5696.4553,5696.4553,0.0000,0.0100,PASS,2026-09-28 23:14:27.059223
DQ02,Derived H2 = Q3 + Q4,2023-H2,G04,-1576.4607,-1576.4607,0.0000,0.0100,PASS,2026-09-28 23:14:27.059223
DQ02,Derived H2 = Q3 + Q4,2023-H2,G05,-911.6894,-911.6894,0.0000,0.0100,PASS,2026-09-28 23:14:27.059223
DQ02,Derived H2 = Q3 + Q4,2023-H2,G06,223.7673,223.7673,0.0000,0.0100,PASS,2026-09-28 23:14:27.059223
DQ02,Derived H2 = Q3 + Q4,2023-H2,G07,3432.0724,3432.0724,0.0000,0.0100,PASS,2026-09-28 23:14:27.059223
DQ02,Derived H2 = Q3 + Q4,2023-H2,O04,162803.0000,162803.0000,0.0000,0.0100,PASS,2026-09-28 23:14:27.059223
DQ02,Derived H2 = Q3 + Q4,2024-H2,G01,20626.2843,20626.2843,0.0000,0.0100,PASS,2026-09-28 23:14:27.059223
DQ02,Derived H2 = Q3 + Q4,2024-H2,A13,2617.6258,2617.6258,0.0000,0.0100,PASS,2026-09-28 23:14:27.059223
DQ02,Derived H2 = Q3 + Q4,2024-H2,A13a,4363.2863,4363.2863,0.0000,0.0100,PASS,2026-09-28 23:14:27.059223
DQ02,Derived H2 = Q3 + Q4,2024-H2,A13b,-1745.5502,-1745.5502,0.0000,0.0100,PASS,2026-09-28 23:14:27.059223
DQ02,Derived H2 = Q3 + Q4,2024-H2,G02,-15504.8368,-15504.8368,0.0000,0.0100,PASS,2026-09-28 23:14:27.059223
DQ02,Derived H2 = Q3 + Q4,2024-H2,G03,5121.4476,5121.4476,0.0000,0.0100,PASS,2026-09-28 23:14:27.059223
DQ02,Derived H2 = Q3 + Q4,2024-H2,G04,-1720.1293,-1720.1293,0.0000,0.0100,PASS,2026-09-28 23:14:27.059223
DQ02,Derived H2 = Q3 + Q4,2024-H2,G05,-907.4524,-907.4524,0.0000,0.0100,PASS,2026-09-28 23:14:27.059223
DQ02,Derived H2 = Q3 + Q4,2024-H2,G06,81.5713,81.5713,0.0000,0.0100,PASS,2026-09-28 23:14:27.059223
DQ02,Derived H2 = Q3 + Q4,2024-H2,G07,2575.4372,2575.4372,0.0000,0.0100,PASS,2026-09-28 23:14:27.059223
DQ02,Derived H2 = Q3 + Q4,2024-H2,O01,154773.0000,154773.0000,0.0000,0.0100,PASS,2026-09-28 23:14:27.059223
DQ02,Derived H2 = Q3 + Q4,2024-H2,O04,160676.0000,160676.0000,0.0000,0.0100,PASS,2026-09-28 23:14:27.059223
DQ02,Derived H2 = Q3 + Q4,2025-H2,A13,1117.1216,1117.1216,0.0000,0.0100,PASS,2026-09-28 23:14:27.059223
DQ02,Derived H2 = Q3 + Q4,2025-H2,A13a,2805.3866,2805.3866,0.0000,0.0100,PASS,2026-09-28 23:14:27.059223
DQ02,Derived H2 = Q3 + Q4,2025-H2,A13b,-1688.2650,-1688.2650,0.0000,0.0100,PASS,2026-09-28 23:14:27.059223
DQ02,Derived H2 = Q3 + Q4,2025-H2,G01,18114.3529,18114.3529,0.0000,0.0100,PASS,2026-09-28 23:14:27.059223
DQ02,Derived H2 = Q3 + Q4,2025-H2,G02,-16427.3639,-16427.3639,0.0000,0.0100,PASS,2026-09-28 23:14:27.059223
DQ02,Derived H2 = Q3 + Q4,2025-H2,G03,1686.9890,1686.9890,0.0000,0.0100,PASS,2026-09-28 23:14:27.059223
DQ02,Derived H2 = Q3 + Q4,2025-H2,G04,-1485.2685,-1485.2685,0.0000,0.0100,PASS,2026-09-28 23:14:27.059223
DQ02,Derived H2 = Q3 + Q4,2025-H2,G05,-920.8101,-920.8101,0.0000,0.0100,PASS,2026-09-28 23:14:27.059223
DQ02,Derived H2 = Q3 + Q4,2025-H2,G06,125.5823,125.5823,0.0000,0.0100,PASS,2026-09-28 23:14:27.059223
DQ02,Derived H2 = Q3 + Q4,2025-H2,G07,-593.5073,-593.5073,0.0000,0.0100,PASS,2026-09-28 23:14:27.059223
DQ02,Derived H2 = Q3 + Q4,2025-H2,O01,133058.0000,133058.0000,0.0000,0.0100,PASS,2026-09-28 23:14:27.059223
DQ02,Derived H2 = Q3 + Q4,2025-H2,O04,130521.0000,130521.0000,0.0000,0.0100,PASS,2026-09-28 23:14:27.059223
DQ03,Deliveries by model = total deliveries (O01),2022-9M,models,221512.0000,221512.0000,0.0000,0.0000,PASS,2026-09-28 23:14:27.06098
DQ03,Deliveries by model = total deliveries (O01),2022-FY,models,309884.0000,309884.0000,0.0000,0.0000,PASS,2026-09-28 23:14:27.06098
DQ03,Deliveries by model = total deliveries (O01),2022-H1,models,145860.0000,145860.0000,0.0000,0.0000,PASS,2026-09-28 23:14:27.06098
DQ03,Deliveries by model = total deliveries (O01),2022-H2,models,164024.0000,164024.0000,0.0000,0.0000,PASS,2026-09-28 23:14:27.06098
DQ03,Deliveries by model = total deliveries (O01),2022-Q1,models,68426.0000,68426.0000,0.0000,0.0000,PASS,2026-09-28 23:14:27.06098
DQ03,Deliveries by model = total deliveries (O01),2022-Q2,models,77434.0000,77434.0000,0.0000,0.0000,PASS,2026-09-28 23:14:27.06098
DQ03,Deliveries by model = total deliveries (O01),2022-Q3,models,75652.0000,75652.0000,0.0000,0.0000,PASS,2026-09-28 23:14:27.06098
DQ03,Deliveries by model = total deliveries (O01),2022-Q4,models,88372.0000,88372.0000,0.0000,0.0000,PASS,2026-09-28 23:14:27.06098
DQ03,Deliveries by model = total deliveries (O01),2023-9M,models,242722.0000,242722.0000,0.0000,0.0000,PASS,2026-09-28 23:14:27.06098
DQ03,Deliveries by model = total deliveries (O01),2023-FY,models,320221.0000,320221.0000,0.0000,0.0000,PASS,2026-09-28 23:14:27.06098
DQ03,Deliveries by model = total deliveries (O01),2023-H1,models,167354.0000,167354.0000,0.0000,0.0000,PASS,2026-09-28 23:14:27.06098
DQ03,Deliveries by model = total deliveries (O01),2023-H2,models,152867.0000,152867.0000,0.0000,0.0000,PASS,2026-09-28 23:14:27.06098
DQ03,Deliveries by model = total deliveries (O01),2023-Q1,models,80767.0000,80767.0000,0.0000,0.0000,PASS,2026-09-28 23:14:27.06098
DQ03,Deliveries by model = total deliveries (O01),2023-Q2,models,86587.0000,86587.0000,0.0000,0.0000,PASS,2026-09-28 23:14:27.06098
DQ03,Deliveries by model = total deliveries (O01),2023-Q3,models,75368.0000,75368.0000,0.0000,0.0000,PASS,2026-09-28 23:14:27.06098
DQ03,Deliveries by model = total deliveries (O01),2023-Q4,models,77499.0000,77499.0000,0.0000,0.0000,PASS,2026-09-28 23:14:27.06098
DQ03,Deliveries by model = total deliveries (O01),2024-9M,models,226026.0000,226026.0000,0.0000,0.0000,PASS,2026-09-28 23:14:27.06098
DQ03,Deliveries by model = total deliveries (O01),2024-FY,models,310718.0000,310718.0000,0.0000,0.0000,PASS,2026-09-28 23:14:27.06098
DQ03,Deliveries by model = total deliveries (O01),2024-H1,models,155945.0000,155945.0000,0.0000,0.0000,PASS,2026-09-28 23:14:27.06098
DQ03,Deliveries by model = total deliveries (O01),2024-H2,models,154773.0000,154773.0000,0.0000,0.0000,PASS,2026-09-28 23:14:27.06098
DQ03,Deliveries by model = total deliveries (O01),2024-Q1,models,77640.0000,77640.0000,0.0000,0.0000,PASS,2026-09-28 23:14:27.06098
DQ03,Deliveries by model = total deliveries (O01),2024-Q2,models,78305.0000,78305.0000,0.0000,0.0000,PASS,2026-09-28 23:14:27.06098
DQ03,Deliveries by model = total deliveries (O01),2024-Q3,models,70081.0000,70081.0000,0.0000,0.0000,PASS,2026-09-28 23:14:27.06098
DQ03,Deliveries by model = total deliveries (O01),2024-Q4,models,84692.0000,84692.0000,0.0000,0.0000,PASS,2026-09-28 23:14:27.06098
DQ03,Deliveries by model = total deliveries (O01),2025-9M,models,212509.0000,212509.0000,0.0000,0.0000,PASS,2026-09-28 23:14:27.06098
DQ03,Deliveries by model = total deliveries (O01),2025-FY,models,279449.0000,279449.0000,0.0000,0.0000,PASS,2026-09-28 23:14:27.06098
DQ03,Deliveries by model = total deliveries (O01),2025-H1,models,146391.0000,146391.0000,0.0000,0.0000,PASS,2026-09-28 23:14:27.06098
DQ03,Deliveries by model = total deliveries (O01),2025-H2,models,133058.0000,133058.0000,0.0000,0.0000,PASS,2026-09-28 23:14:27.06098
DQ03,Deliveries by model = total deliveries (O01),2025-Q1,models,71470.0000,71470.0000,0.0000,0.0000,PASS,2026-09-28 23:14:27.06098
DQ03,Deliveries by model = total deliveries (O01),2025-Q2,models,74921.0000,74921.0000,0.0000,0.0000,PASS,2026-09-28 23:14:27.06098
DQ03,Deliveries by model = total deliveries (O01),2025-Q3,models,66118.0000,66118.0000,0.0000,0.0000,PASS,2026-09-28 23:14:27.06098
DQ03,Deliveries by model = total deliveries (O01),2025-Q4,models,66940.0000,66940.0000,0.0000,0.0000,PASS,2026-09-28 23:14:27.06098
DQ03,Deliveries by model = total deliveries (O01),2026-H1,models,122306.0000,122306.0000,0.0000,0.0000,PASS,2026-09-28 23:14:27.06098
DQ03,Deliveries by model = total deliveries (O01),2026-Q1,models,60991.0000,60991.0000,0.0000,0.0000,PASS,2026-09-28 23:14:27.06098
DQ03,Deliveries by model = total deliveries (O01),2026-Q2,models,61315.0000,61315.0000,0.0000,0.0000,PASS,2026-09-28 23:14:27.06098
DQ04,Deliveries by region = total deliveries (O01),2022-9M,regions,221512.0000,221512.0000,0.0000,0.0000,PASS,2026-09-28 23:14:27.062665
DQ04,Deliveries by region = total deliveries (O01),2022-FY,regions,309884.0000,309884.0000,0.0000,0.0000,PASS,2026-09-28 23:14:27.062665
DQ04,Deliveries by region = total deliveries (O01),2022-H1,regions,145860.0000,145860.0000,0.0000,0.0000,PASS,2026-09-28 23:14:27.062665
DQ04,Deliveries by region = total deliveries (O01),2022-H2,regions,164024.0000,164024.0000,0.0000,0.0000,PASS,2026-09-28 23:14:27.062665
DQ04,Deliveries by region = total deliveries (O01),2022-Q1,regions,68426.0000,68426.0000,0.0000,0.0000,PASS,2026-09-28 23:14:27.062665
DQ04,Deliveries by region = total deliveries (O01),2022-Q2,regions,77434.0000,77434.0000,0.0000,0.0000,PASS,2026-09-28 23:14:27.062665
DQ04,Deliveries by region = total deliveries (O01),2022-Q3,regions,75652.0000,75652.0000,0.0000,0.0000,PASS,2026-09-28 23:14:27.062665
DQ04,Deliveries by region = total deliveries (O01),2022-Q4,regions,88372.0000,88372.0000,0.0000,0.0000,PASS,2026-09-28 23:14:27.062665
DQ04,Deliveries by region = total deliveries (O01),2023-9M,regions,242722.0000,242722.0000,0.0000,0.0000,PASS,2026-09-28 23:14:27.062665
DQ04,Deliveries by region = total deliveries (O01),2023-FY,regions,320221.0000,320221.0000,0.0000,0.0000,PASS,2026-09-28 23:14:27.062665
DQ04,Deliveries by region = total deliveries (O01),2023-H1,regions,167354.0000,167354.0000,0.0000,0.0000,PASS,2026-09-28 23:14:27.062665
DQ04,Deliveries by region = total deliveries (O01),2023-H2,regions,152867.0000,152867.0000,0.0000,0.0000,PASS,2026-09-28 23:14:27.062665
DQ04,Deliveries by region = total deliveries (O01),2023-Q1,regions,80767.0000,80767.0000,0.0000,0.0000,PASS,2026-09-28 23:14:27.062665
DQ04,Deliveries by region = total deliveries (O01),2023-Q2,regions,86587.0000,86587.0000,0.0000,0.0000,PASS,2026-09-28 23:14:27.062665
DQ04,Deliveries by region = total deliveries (O01),2023-Q3,regions,75368.0000,75368.0000,0.0000,0.0000,PASS,2026-09-28 23:14:27.062665
DQ04,Deliveries by region = total deliveries (O01),2023-Q4,regions,77499.0000,77499.0000,0.0000,0.0000,PASS,2026-09-28 23:14:27.062665
DQ04,Deliveries by region = total deliveries (O01),2024-9M,regions,226026.0000,226026.0000,0.0000,0.0000,PASS,2026-09-28 23:14:27.062665
DQ04,Deliveries by region = total deliveries (O01),2024-FY,regions,310718.0000,310718.0000,0.0000,0.0000,PASS,2026-09-28 23:14:27.062665
DQ04,Deliveries by region = total deliveries (O01),2024-H1,regions,155945.0000,155945.0000,0.0000,0.0000,PASS,2026-09-28 23:14:27.062665
DQ04,Deliveries by region = total deliveries (O01),2024-H2,regions,154773.0000,154773.0000,0.0000,0.0000,PASS,2026-09-28 23:14:27.062665
DQ04,Deliveries by region = total deliveries (O01),2024-Q1,regions,77640.0000,77640.0000,0.0000,0.0000,PASS,2026-09-28 23:14:27.062665
DQ04,Deliveries by region = total deliveries (O01),2024-Q2,regions,78305.0000,78305.0000,0.0000,0.0000,PASS,2026-09-28 23:14:27.062665
DQ04,Deliveries by region = total deliveries (O01),2024-Q3,regions,70081.0000,70081.0000,0.0000,0.0000,PASS,2026-09-28 23:14:27.062665
DQ04,Deliveries by region = total deliveries (O01),2024-Q4,regions,84692.0000,84692.0000,0.0000,0.0000,PASS,2026-09-28 23:14:27.062665
DQ04,Deliveries by region = total deliveries (O01),2025-9M,regions,212509.0000,212509.0000,0.0000,0.0000,PASS,2026-09-28 23:14:27.062665
DQ04,Deliveries by region = total deliveries (O01),2025-FY,regions,279449.0000,279449.0000,0.0000,0.0000,PASS,2026-09-28 23:14:27.062665
DQ04,Deliveries by region = total deliveries (O01),2025-H1,regions,146391.0000,146391.0000,0.0000,0.0000,PASS,2026-09-28 23:14:27.062665
DQ04,Deliveries by region = total deliveries (O01),2025-H2,regions,133058.0000,133058.0000,0.0000,0.0000,PASS,2026-09-28 23:14:27.062665
DQ04,Deliveries by region = total deliveries (O01),2025-Q1,regions,71470.0000,71470.0000,0.0000,0.0000,PASS,2026-09-28 23:14:27.062665
DQ04,Deliveries by region = total deliveries (O01),2025-Q2,regions,74921.0000,74921.0000,0.0000,0.0000,PASS,2026-09-28 23:14:27.062665
DQ04,Deliveries by region = total deliveries (O01),2025-Q3,regions,66118.0000,66118.0000,0.0000,0.0000,PASS,2026-09-28 23:14:27.062665
DQ04,Deliveries by region = total deliveries (O01),2025-Q4,regions,66940.0000,66940.0000,0.0000,0.0000,PASS,2026-09-28 23:14:27.062665
DQ04,Deliveries by region = total deliveries (O01),2026-H1,regions,122306.0000,122306.0000,0.0000,0.0000,PASS,2026-09-28 23:14:27.062665
DQ04,Deliveries by region = total deliveries (O01),2026-Q1,regions,60991.0000,60991.0000,0.0000,0.0000,PASS,2026-09-28 23:14:27.062665
DQ04,Deliveries by region = total deliveries (O01),2026-Q2,regions,61315.0000,61315.0000,0.0000,0.0000,PASS,2026-09-28 23:14:27.062665
DQ05,Macan ICE + BEV = Macan total,2024-FY,MAC,82795.0000,82795.0000,0.0000,0.0000,PASS,2026-09-28 23:14:27.063415
DQ05,Macan ICE + BEV = Macan total,2025-9M,MAC,64783.0000,64783.0000,0.0000,0.0000,PASS,2026-09-28 23:14:27.063415
DQ05,Macan ICE + BEV = Macan total,2025-FY,MAC,84328.0000,84328.0000,0.0000,0.0000,PASS,2026-09-28 23:14:27.063415
DQ05,Macan ICE + BEV = Macan total,2025-H1,MAC,45137.0000,45137.0000,0.0000,0.0000,PASS,2026-09-28 23:14:27.063415
DQ05,Macan ICE + BEV = Macan total,2025-H2,MAC,39191.0000,39191.0000,0.0000,0.0000,PASS,2026-09-28 23:14:27.063415
DQ05,Macan ICE + BEV = Macan total,2025-Q1,MAC,23555.0000,23555.0000,0.0000,0.0000,PASS,2026-09-28 23:14:27.063415
DQ05,Macan ICE + BEV = Macan total,2025-Q2,MAC,21582.0000,21582.0000,0.0000,0.0000,PASS,2026-09-28 23:14:27.063415
DQ05,Macan ICE + BEV = Macan total,2025-Q3,MAC,19646.0000,19646.0000,0.0000,0.0000,PASS,2026-09-28 23:14:27.063415
DQ05,Macan ICE + BEV = Macan total,2025-Q4,MAC,19545.0000,19545.0000,0.0000,0.0000,PASS,2026-09-28 23:14:27.063415
DQ05,Macan ICE + BEV = Macan total,2026-H1,MAC,35315.0000,35315.0000,0.0000,0.0000,PASS,2026-09-28 23:14:27.063415
DQ05,Macan ICE + BEV = Macan total,2026-Q1,MAC,18209.0000,18209.0000,0.0000,0.0000,PASS,2026-09-28 23:14:27.063415
DQ05,Macan ICE + BEV = Macan total,2026-Q2,MAC,17106.0000,17106.0000,0.0000,0.0000,PASS,2026-09-28 23:14:27.063415
DQ06,G07 = G03 + G04 + G05 + G06,2023-9M,G07,5501.4317,5501.4317,0.0000,0.0100,PASS,2026-09-28 23:14:27.064565
DQ06,G07 = G03 + G04 + G05 + G06,2023-FY,G07,7284.3076,7284.3076,0.0000,0.0100,PASS,2026-09-28 23:14:27.064565
DQ06,G07 = G03 + G04 + G05 + G06,2023-H1,G07,3852.2352,3852.2352,0.0000,0.0100,PASS,2026-09-28 23:14:27.064565
DQ06,G07 = G03 + G04 + G05 + G06,2023-H2,G07,3432.0724,3432.0724,0.0000,0.0100,PASS,2026-09-28 23:14:27.064565
DQ06,G07 = G03 + G04 + G05 + G06,2023-Q1,G07,1839.6715,1839.6715,0.0000,0.0100,PASS,2026-09-28 23:14:27.064565
DQ06,G07 = G03 + G04 + G05 + G06,2023-Q2,G07,2012.5637,2012.5637,0.0000,0.0100,PASS,2026-09-28 23:14:27.064565
DQ06,G07 = G03 + G04 + G05 + G06,2023-Q3,G07,1649.1965,1649.1965,0.0000,0.0100,PASS,2026-09-28 23:14:27.064565
DQ06,G07 = G03 + G04 + G05 + G06,2023-Q4,G07,1782.8759,1782.8759,0.0000,0.0100,PASS,2026-09-28 23:14:27.064565
DQ06,G07 = G03 + G04 + G05 + G06,2024-9M,G07,4035.1302,4035.1302,0.0000,0.0100,PASS,2026-09-28 23:14:27.064565
DQ06,G07 = G03 + G04 + G05 + G06,2024-FY,G07,5636.8926,5636.8926,0.0000,0.0100,PASS,2026-09-28 23:14:27.064565
DQ06,G07 = G03 + G04 + G05 + G06,2024-H1,G07,3061.4555,3061.4555,0.0000,0.0100,PASS,2026-09-28 23:14:27.064565
DQ06,G07 = G03 + G04 + G05 + G06,2024-H2,G07,2575.4372,2575.4372,0.0000,0.0100,PASS,2026-09-28 23:14:27.064565
DQ06,G07 = G03 + G04 + G05 + G06,2024-Q1,G07,1282.2800,1282.2800,0.0000,0.0100,PASS,2026-09-28 23:14:27.064565
DQ06,G07 = G03 + G04 + G05 + G06,2024-Q2,G07,1779.1754,1779.1754,0.0000,0.0100,PASS,2026-09-28 23:14:27.064565
DQ06,G07 = G03 + G04 + G05 + G06,2024-Q3,G07,973.6748,973.6748,0.0000,0.0100,PASS,2026-09-28 23:14:27.064565
DQ06,G07 = G03 + G04 + G05 + G06,2024-Q4,G07,1601.7624,1601.7624,0.0000,0.0100,PASS,2026-09-28 23:14:27.064565
DQ06,G07 = G03 + G04 + G05 + G06,2025-9M,G07,40.3372,40.3372,0.0000,0.0100,PASS,2026-09-28 23:14:27.064565
DQ06,G07 = G03 + G04 + G05 + G06,2025-FY,G07,413.2840,413.2840,0.0000,0.0100,PASS,2026-09-28 23:14:27.064565
DQ06,G07 = G03 + G04 + G05 + G06,2025-H1,G07,1006.7913,1006.7913,0.0000,0.0100,PASS,2026-09-28 23:14:27.064565
DQ06,G07 = G03 + G04 + G05 + G06,2025-H2,G07,-593.5073,-593.5073,0.0000,0.0100,PASS,2026-09-28 23:14:27.064565
DQ06,G07 = G03 + G04 + G05 + G06,2025-Q1,G07,761.6823,761.6823,0.0000,0.0100,PASS,2026-09-28 23:14:27.064565
DQ06,G07 = G03 + G04 + G05 + G06,2025-Q2,G07,245.1090,245.1090,0.0000,0.0100,PASS,2026-09-28 23:14:27.064565
DQ06,G07 = G03 + G04 + G05 + G06,2025-Q3,G07,-966.4541,-966.4541,0.0000,0.0100,PASS,2026-09-28 23:14:27.064565
DQ06,G07 = G03 + G04 + G05 + G06,2025-Q4,G07,372.9468,372.9468,0.0000,0.0100,PASS,2026-09-28 23:14:27.064565
DQ06,G07 = G03 + G04 + G05 + G06,2026-H1,G07,1348.1850,1348.1850,0.0000,0.0100,PASS,2026-09-28 23:14:27.064565
DQ06,G07 = G03 + G04 + G05 + G06,2026-Q1,G07,594.9877,594.9877,0.0000,0.0100,PASS,2026-09-28 23:14:27.064565
DQ06,G07 = G03 + G04 + G05 + G06,2026-Q2,G07,753.1974,753.1974,0.0000,0.0100,PASS,2026-09-28 23:14:27.064565
DQ07,A03 = A02 + A12,2023-FY,A03,9594.0000,9594.0000,0.0000,1.0000,PASS,2026-09-28 23:14:27.066326
DQ07,A03 = A02 + A12,2023-H1,A03,4829.0000,4829.0000,0.0000,1.0000,PASS,2026-09-28 23:14:27.066326
DQ07,A03 = A02 + A12,2023-H2,A03,4765.0000,4765.0000,0.0000,1.0000,PASS,2026-09-28 23:14:27.066326
DQ07,A03 = A02 + A12,2024-FY,A03,8271.0000,8271.0000,0.0000,1.0000,PASS,2026-09-28 23:14:27.066326
DQ07,A03 = A02 + A12,2024-H1,A03,4268.0000,4268.0000,0.0000,1.0000,PASS,2026-09-28 23:14:27.066326
DQ07,A03 = A02 + A12,2024-H2,A03,4003.0000,4003.0000,0.0000,1.0000,PASS,2026-09-28 23:14:27.066326
DQ07,A03 = A02 + A12,2025-FY,A03,4282.0000,4282.0000,0.0000,1.0000,PASS,2026-09-28 23:14:27.066326
DQ07,A03 = A02 + A12,2025-H1,A03,2588.0000,2588.0000,0.0000,1.0000,PASS,2026-09-28 23:14:27.066326
DQ07,A03 = A02 + A12,2025-H2,A03,1694.0000,1694.0000,0.0000,1.0000,PASS,2026-09-28 23:14:27.066326
DQ07,A03 = A02 + A12,2026-H1,A03,2767.0000,2767.0000,0.0000,1.0000,PASS,2026-09-28 23:14:27.066326
DQ08,A12 = A09 + A11,2023-FY,A12,2656.0000,2656.0000,0.0000,2.0000,PASS,2026-09-28 23:14:27.067176
DQ08,A05 = A06 + A08,2023-FY,A05,2834.0000,2834.0000,0.0000,2.0000,PASS,2026-09-28 23:14:27.067176
DQ08,A12 = A09 + A11,2023-H1,A12,1176.0000,1176.0000,0.0000,2.0000,PASS,2026-09-28 23:14:27.067176
DQ08,A05 = A06 + A08,2023-H1,A05,1545.0000,1544.0000,-1.0000,2.0000,PASS,2026-09-28 23:14:27.067176
DQ08,A12 = A09 + A11,2023-H2,A12,1480.0000,1480.0000,0.0000,2.0000,PASS,2026-09-28 23:14:27.067176
DQ08,A05 = A06 + A08,2023-H2,A05,1289.0000,1290.0000,1.0000,2.0000,PASS,2026-09-28 23:14:27.067176
DQ08,A12 = A09 + A11,2024-FY,A12,2985.0000,2985.0000,0.0000,2.0000,PASS,2026-09-28 23:14:27.067176
DQ08,A05 = A06 + A08,2024-FY,A05,2528.0000,2528.0000,0.0000,2.0000,PASS,2026-09-28 23:14:27.067176
DQ08,A12 = A09 + A11,2024-H1,A12,1364.0000,1365.0000,1.0000,2.0000,PASS,2026-09-28 23:14:27.067176
DQ08,A05 = A06 + A08,2024-H1,A05,1665.0000,1664.0000,-1.0000,2.0000,PASS,2026-09-28 23:14:27.067176
DQ08,A05 = A06 + A08,2024-H2,A05,863.0000,864.0000,1.0000,2.0000,PASS,2026-09-28 23:14:27.067176
DQ08,A12 = A09 + A11,2024-H2,A12,1621.0000,1620.0000,-1.0000,2.0000,PASS,2026-09-28 23:14:27.067176
DQ08,A05 = A06 + A08,2025-FY,A05,2292.0000,2292.0000,0.0000,2.0000,PASS,2026-09-28 23:14:27.067176
DQ08,A12 = A09 + A11,2025-FY,A12,4192.0000,4192.0000,0.0000,2.0000,PASS,2026-09-28 23:14:27.067176
DQ08,A12 = A09 + A11,2025-H1,A12,1756.0000,1756.0000,0.0000,2.0000,PASS,2026-09-28 23:14:27.067176
DQ08,A05 = A06 + A08,2025-H1,A05,1264.0000,1265.0000,1.0000,2.0000,PASS,2026-09-28 23:14:27.067176
DQ08,A12 = A09 + A11,2025-H2,A12,2436.0000,2436.0000,0.0000,2.0000,PASS,2026-09-28 23:14:27.067176
DQ08,A05 = A06 + A08,2025-H2,A05,1028.0000,1027.0000,-1.0000,2.0000,PASS,2026-09-28 23:14:27.067176
DQ08,A05 = A06 + A08,2026-H1,A05,1116.0000,1116.0000,0.0000,2.0000,PASS,2026-09-28 23:14:27.067176
DQ08,A12 = A09 + A11,2026-H1,A12,1559.0000,1559.0000,0.0000,2.0000,PASS,2026-09-28 23:14:27.067176
DQ09,Prior-year EBIT + bridge buckets = EBIT,2023-FY,G07,7284.3076,7372.3917,88.0840,250.0000,PASS,2026-09-28 23:14:27.068203
DQ09,Prior-year EBIT + bridge buckets = EBIT,2024-FY,G07,5636.8926,5584.3076,-52.5850,250.0000,PASS,2026-09-28 23:14:27.068203
DQ09,Prior-year EBIT + bridge buckets = EBIT,2024-H1,G07,3061.4555,3072.2352,10.7798,50.0000,PASS,2026-09-28 23:14:27.068203
DQ09,Prior-year EBIT + bridge buckets = EBIT,2024-H2,G07,2575.4372,2512.0724,-63.3648,250.0000,PASS,2026-09-28 23:14:27.068203
DQ09,Prior-year EBIT + bridge buckets = EBIT,2025-FY,G07,413.2840,406.8926,-6.3913,50.0000,PASS,2026-09-28 23:14:27.068203
DQ09,Prior-year EBIT + bridge buckets = EBIT,2025-H1,G07,1006.7913,1001.4555,-5.3358,50.0000,PASS,2026-09-28 23:14:27.068203
DQ09,Prior-year EBIT + bridge buckets = EBIT,2025-H2,G07,-593.5073,-594.5628,-1.0555,50.0000,PASS,2026-09-28 23:14:27.068203
DQ09,Prior-year EBIT + bridge buckets = EBIT,2026-H1,G07,1348.1850,1346.7913,-1.3938,50.0000,PASS,2026-09-28 23:14:27.068203
DQ10,Unit of fact rows matches dim_variable.unit_std,,rows with unit mismatch,,0.0000,,,PASS,2026-09-28 23:14:27.070189
DQ11,Ratios never derived by FY - H1,,rows violating rule,,0.0000,,,PASS,2026-09-28 23:14:27.070893
DQ12,Missing half-year value in analysis window: not published / not applicable for this period,2023-H1,B01,,,,,INFO,2026-09-28 23:14:27.072103
DQ12,Missing half-year value in analysis window: not published / not applicable for this period,2023-H1,B02,,,,,INFO,2026-09-28 23:14:27.072103
DQ12,Missing half-year value in analysis window: not published / not applicable for this period,2023-H1,B03,,,,,INFO,2026-09-28 23:14:27.072103
DQ12,Missing half-year value in analysis window: not published / not applicable for this period,2023-H1,B04,,,,,INFO,2026-09-28 23:14:27.072103
DQ12,Missing half-year value in analysis window: not published / not applicable for this period,2023-H1,X01,,,,,INFO,2026-09-28 23:14:27.072103
DQ12,Missing half-year value in analysis window: not published / not applicable for this period,2023-H1,X03,,,,,INFO,2026-09-28 23:14:27.072103
DQ12,Missing half-year value in analysis window: not published / not applicable for this period,2023-H2,B01,,,,,INFO,2026-09-28 23:14:27.072103
DQ12,Missing half-year value in analysis window: not published / not applicable for this period,2023-H2,B02,,,,,INFO,2026-09-28 23:14:27.072103
DQ12,Missing half-year value in analysis window: not published / not applicable for this period,2023-H2,B03,,,,,INFO,2026-09-28 23:14:27.072103
DQ12,Missing half-year value in analysis window: not published / not applicable for this period,2023-H2,B04,,,,,INFO,2026-09-28 23:14:27.072103
DQ12,Missing half-year value in analysis window: not published / not applicable for this period,2023-H2,X01,,,,,INFO,2026-09-28 23:14:27.072103
DQ12,Missing half-year value in analysis window: not published / not applicable for this period,2023-H2,X03,,,,,INFO,2026-09-28 23:14:27.072103
DQ12,Missing half-year value in analysis window: not published / not applicable for this period,2023-H2,X05,,,,,INFO,2026-09-28 23:14:27.072103
DQ12,Missing half-year value in analysis window: not published / not applicable for this period,2024-H1,X01,,,,,INFO,2026-09-28 23:14:27.072103
DQ12,Missing half-year value in analysis window: not published / not applicable for this period,2024-H1,X03,,,,,INFO,2026-09-28 23:14:27.072103
DQ12,Missing half-year value in analysis window: not published / not applicable for this period,2024-H2,X01,,,,,INFO,2026-09-28 23:14:27.072103
DQ12,Missing half-year value in analysis window: not published / not applicable for this period,2024-H2,X03,,,,,INFO,2026-09-28 23:14:27.072103
DQ12,Missing half-year value in analysis window: not published / not applicable for this period,2024-H2,X05,,,,,INFO,2026-09-28 23:14:27.072103
DQ13,Automotive + Financial Services revenue vs group revenue (difference = consolidation),2023-FY,G01,40529.6323,40793.0000,263.3677,,INFO,2026-09-28 23:14:27.073511
DQ13,Automotive + Financial Services revenue vs group revenue (difference = consolidation),2023-H1,G01,20430.9225,20544.0000,113.0775,,INFO,2026-09-28 23:14:27.073511
DQ13,Automotive + Financial Services revenue vs group revenue (difference = consolidation),2023-H2,G01,20098.7098,20249.0000,150.2902,,INFO,2026-09-28 23:14:27.073511
DQ13,Automotive + Financial Services revenue vs group revenue (difference = consolidation),2024-FY,G01,40083.2930,40348.0000,264.7070,,INFO,2026-09-28 23:14:27.073511
DQ13,Automotive + Financial Services revenue vs group revenue (difference = consolidation),2024-H1,G01,19457.0087,19589.0000,131.9913,,INFO,2026-09-28 23:14:27.073511
DQ13,Automotive + Financial Services revenue vs group revenue (difference = consolidation),2024-H2,G01,20626.2843,20759.0000,132.7157,,INFO,2026-09-28 23:14:27.073511
DQ13,Automotive + Financial Services revenue vs group revenue (difference = consolidation),2025-FY,G01,36271.6279,36569.0000,297.3721,,INFO,2026-09-28 23:14:27.073511
DQ13,Automotive + Financial Services revenue vs group revenue (difference = consolidation),2025-H1,G01,18157.2750,18290.0000,132.7250,,INFO,2026-09-28 23:14:27.073511
DQ13,Automotive + Financial Services revenue vs group revenue (difference = consolidation),2025-H2,G01,18114.3529,18279.0000,164.6471,,INFO,2026-09-28 23:14:27.073511
DQ13,Automotive + Financial Services revenue vs group revenue (difference = consolidation),2026-H1,G01,17229.4555,17364.0000,134.5445,,INFO,2026-09-28 23:14:27.073511
MQ01,v_panel_hy: 7 unique half-year rows (2023-H1..2026-H1),,rows,7.0000,7.0000,,,PASS,2026-09-28 23:14:27.116169
MQ02,v_panel_hy: panel holds every core value of the analysis window (pivot completeness),,values,228.0000,228.0000,0.0000,,PASS,2026-09-28 23:14:27.117528
MQ03,v_panel_hy: H2 rows are flagged as containing DERIVED values,2023-H2,n_derived_values,,25.0000,,,PASS,2026-09-28 23:14:27.119287
MQ03,v_panel_hy: H2 rows are flagged as containing DERIVED values,2024-H2,n_derived_values,,29.0000,,,PASS,2026-09-28 23:14:27.119287
MQ03,v_panel_hy: H2 rows are flagged as containing DERIVED values,2025-H2,n_derived_values,,34.0000,,,PASS,2026-09-28 23:14:27.119287
MQ04,v_ebit_adjusted: L0 = core G07,2023-H1,ebit_l0,3852.2352,3852.2352,0.0000,0.0010,PASS,2026-09-28 23:14:27.120173
MQ04,v_ebit_adjusted: L0 = core G07,2023-H2,ebit_l0,3432.0724,3432.0724,0.0000,0.0010,PASS,2026-09-28 23:14:27.120173
MQ04,v_ebit_adjusted: L0 = core G07,2024-H1,ebit_l0,3061.4555,3061.4555,0.0000,0.0010,PASS,2026-09-28 23:14:27.120173
MQ04,v_ebit_adjusted: L0 = core G07,2024-H2,ebit_l0,2575.4372,2575.4372,0.0000,0.0010,PASS,2026-09-28 23:14:27.120173
MQ04,v_ebit_adjusted: L0 = core G07,2025-H1,ebit_l0,1006.7913,1006.7913,0.0000,0.0010,PASS,2026-09-28 23:14:27.120173
MQ04,v_ebit_adjusted: L0 = core G07,2025-H2,ebit_l0,-593.5073,-593.5073,0.0000,0.0010,PASS,2026-09-28 23:14:27.120173
MQ04,v_ebit_adjusted: L0 = core G07,2026-H1,ebit_l0,1348.1850,1348.1850,0.0000,0.0010,PASS,2026-09-28 23:14:27.120173
MQ05,v_ebit_adjusted: L2 - L0 = realignment (X01) + tariffs (X03) only,2023-H1,L2-L0,0.0000,0.0000,0.0000,0.0010,PASS,2026-09-28 23:14:27.121957
MQ05,v_ebit_adjusted: L2 - L0 = realignment (X01) + tariffs (X03) only,2023-H2,L2-L0,0.0000,0.0000,0.0000,0.0010,PASS,2026-09-28 23:14:27.121957
MQ05,v_ebit_adjusted: L2 - L0 = realignment (X01) + tariffs (X03) only,2024-H1,L2-L0,0.0000,0.0000,0.0000,0.0010,PASS,2026-09-28 23:14:27.121957
MQ05,v_ebit_adjusted: L2 - L0 = realignment (X01) + tariffs (X03) only,2024-H2,L2-L0,0.0000,0.0000,0.0000,0.0010,PASS,2026-09-28 23:14:27.121957
MQ05,v_ebit_adjusted: L2 - L0 = realignment (X01) + tariffs (X03) only,2025-H1,L2-L0,1100.0000,1100.0000,0.0000,0.0010,PASS,2026-09-28 23:14:27.121957
MQ05,v_ebit_adjusted: L2 - L0 = realignment (X01) + tariffs (X03) only,2025-H2,L2-L0,2700.0000,2700.0000,0.0000,0.0010,PASS,2026-09-28 23:14:27.121957
MQ05,v_ebit_adjusted: L2 - L0 = realignment (X01) + tariffs (X03) only,2026-H1,L2-L0,500.0000,500.0000,0.0000,0.0010,PASS,2026-09-28 23:14:27.121957
MQ06,v_ebit_adjusted: L0 margin = published group RoS (S009 slide 27),2024-H1,margin_l0,15.7000,15.7300,0.0300,0.0500,PASS,2026-09-28 23:14:27.123749
MQ06,v_ebit_adjusted: L0 margin = published group RoS (S016 slide 5),2025-H1,margin_l0,5.5000,5.5400,0.0400,0.0500,PASS,2026-09-28 23:14:27.123749
MQ06,v_ebit_adjusted: L0 margin = published group RoS (S016 slide 5),2026-H1,margin_l0,7.8000,7.8200,0.0200,0.0500,PASS,2026-09-28 23:14:27.123749
MQ07,v_ebit_adjusted: L3 (supplementary hybrid) = L1 + clean D&A - capitalised R&D,2023-H1,ebit_l3,3827.2352,3827.2352,0.0000,0.0010,PASS,2026-09-28 23:14:27.12515
MQ07,v_ebit_adjusted: L3 (supplementary hybrid) = L1 + clean D&A - capitalised R&D,2023-H2,ebit_l3,4032.0724,4032.0724,0.0000,0.0010,PASS,2026-09-28 23:14:27.12515
MQ07,v_ebit_adjusted: L3 (supplementary hybrid) = L1 + clean D&A - capitalised R&D,2024-H1,ebit_l3,3302.4555,3302.4555,0.0000,0.0010,PASS,2026-09-28 23:14:27.12515
MQ07,v_ebit_adjusted: L3 (supplementary hybrid) = L1 + clean D&A - capitalised R&D,2024-H2,ebit_l3,3736.4372,3736.4372,0.0000,0.0010,PASS,2026-09-28 23:14:27.12515
MQ07,v_ebit_adjusted: L3 (supplementary hybrid) = L1 + clean D&A - capitalised R&D,2025-H1,ebit_l3,2592.7913,2592.7913,0.0000,0.0010,PASS,2026-09-28 23:14:27.12515
MQ07,v_ebit_adjusted: L3 (supplementary hybrid) = L1 + clean D&A - capitalised R&D,2025-H2,ebit_l3,2949.4927,2949.4927,0.0000,0.0010,PASS,2026-09-28 23:14:27.12515
MQ07,v_ebit_adjusted: L3 (supplementary hybrid) = L1 + clean D&A - capitalised R&D,2026-H1,ebit_l3,2459.1850,2459.1850,0.0000,0.0010,PASS,2026-09-28 23:14:27.12515
MQ08,v_ebit_adjusted / guidance views: every cited assumption exists in mart.assumption,,missing IDs,,0.0000,,,PASS,2026-09-28 23:14:27.128311
MQ09,v_da_clean: da_clean = da_total - impairment_used and 0 < da_clean <= da_total,2023-H1,da_clean,1176.0000,1176.0000,0.0000,,PASS,2026-09-28 23:14:27.136499
MQ09,v_da_clean: da_clean = da_total - impairment_used and 0 < da_clean <= da_total,2023-H2,da_clean,1480.0000,1480.0000,0.0000,,PASS,2026-09-28 23:14:27.136499
MQ09,v_da_clean: da_clean = da_total - impairment_used and 0 < da_clean <= da_total,2024-H1,da_clean,1364.0000,1364.0000,0.0000,,PASS,2026-09-28 23:14:27.136499
MQ09,v_da_clean: da_clean = da_total - impairment_used and 0 < da_clean <= da_total,2024-H2,da_clean,1621.0000,1621.0000,0.0000,,PASS,2026-09-28 23:14:27.136499
MQ09,v_da_clean: da_clean = da_total - impairment_used and 0 < da_clean <= da_total,2025-H1,da_clean,1461.0000,1461.0000,0.0000,,PASS,2026-09-28 23:14:27.136499
MQ09,v_da_clean: da_clean = da_total - impairment_used and 0 < da_clean <= da_total,2025-H2,da_clean,1531.0000,1531.0000,0.0000,,PASS,2026-09-28 23:14:27.136499
MQ09,v_da_clean: da_clean = da_total - impairment_used and 0 < da_clean <= da_total,2026-H1,da_clean,1498.0000,1498.0000,0.0000,,PASS,2026-09-28 23:14:27.136499
MQ10,v_da_clean: clean depreciation + clean amortisation = clean D&A (Porsche rounds components to EUR 1m),2023-H1,components,1176.0000,1176.0000,0.0000,2.0000,PASS,2026-09-28 23:14:27.137658
MQ10,v_da_clean: clean depreciation + clean amortisation = clean D&A (Porsche rounds components to EUR 1m),2023-H2,components,1480.0000,1480.0000,0.0000,2.0000,PASS,2026-09-28 23:14:27.137658
MQ10,v_da_clean: clean depreciation + clean amortisation = clean D&A (Porsche rounds components to EUR 1m),2024-H1,components,1364.0000,1365.0000,1.0000,2.0000,PASS,2026-09-28 23:14:27.137658
MQ10,v_da_clean: clean depreciation + clean amortisation = clean D&A (Porsche rounds components to EUR 1m),2024-H2,components,1621.0000,1620.0000,-1.0000,2.0000,PASS,2026-09-28 23:14:27.137658
MQ10,v_da_clean: clean depreciation + clean amortisation = clean D&A (Porsche rounds components to EUR 1m),2025-H1,components,1461.0000,1461.0000,0.0000,2.0000,PASS,2026-09-28 23:14:27.137658
MQ11,v_rd_capitalisation: calculated cap rate = published cap rate,2023-H1,cap_rate,77.7000,77.7000,0.0000,0.1500,PASS,2026-09-28 23:14:27.138843
MQ11,v_rd_capitalisation: calculated cap rate = published cap rate,2024-H1,cap_rate,67.5000,67.4000,-0.1000,0.1500,PASS,2026-09-28 23:14:27.138843
MQ11,v_rd_capitalisation: calculated cap rate = published cap rate,2025-H1,cap_rate,45.5000,45.5000,0.0000,0.1500,PASS,2026-09-28 23:14:27.138843
MQ11,v_rd_capitalisation: calculated cap rate = published cap rate,2026-H1,cap_rate,43.6000,43.6000,0.0000,0.1500,PASS,2026-09-28 23:14:27.138843
MQ12,v_rd_capitalisation: P&L charge = total R&D costs - net capitalisation,2023-H1,rd_pl_charge,771.0000,770.0000,-1.0000,2.0000,PASS,2026-09-28 23:14:27.140104
MQ12,v_rd_capitalisation: P&L charge = total R&D costs - net capitalisation,2023-H2,rd_pl_charge,942.0000,943.0000,1.0000,2.0000,PASS,2026-09-28 23:14:27.140104
MQ12,v_rd_capitalisation: P&L charge = total R&D costs - net capitalisation,2024-H1,rd_pl_charge,1058.0000,1057.0000,-1.0000,2.0000,PASS,2026-09-28 23:14:27.140104
MQ12,v_rd_capitalisation: P&L charge = total R&D costs - net capitalisation,2024-H2,rd_pl_charge,988.0000,989.0000,1.0000,2.0000,PASS,2026-09-28 23:14:27.140104
MQ12,v_rd_capitalisation: P&L charge = total R&D costs - net capitalisation,2025-H1,rd_pl_charge,1289.0000,1290.0000,1.0000,2.0000,PASS,2026-09-28 23:14:27.140104
MQ12,v_rd_capitalisation: P&L charge = total R&D costs - net capitalisation,2025-H2,rd_pl_charge,1870.0000,1869.0000,-1.0000,2.0000,PASS,2026-09-28 23:14:27.140104
MQ12,v_rd_capitalisation: P&L charge = total R&D costs - net capitalisation,2026-H1,rd_pl_charge,1334.0000,1334.0000,0.0000,2.0000,PASS,2026-09-28 23:14:27.140104
MQ13,v_asp_volume: calculated ASP = published ASP,2023-H1,asp,111.0000,110.6100,-0.3900,0.5000,PASS,2026-09-28 23:14:27.141355
MQ13,v_asp_volume: calculated ASP = published ASP,2024-H1,asp,116.0000,116.4600,0.4600,0.5000,PASS,2026-09-28 23:14:27.141355
MQ13,v_asp_volume: calculated ASP = published ASP,2025-H1,asp,119.0000,119.4200,0.4200,0.5000,PASS,2026-09-28 23:14:27.141355
MQ13,v_asp_volume: calculated ASP = published ASP,2026-H1,asp,126.0000,125.7800,-0.2200,0.5000,PASS,2026-09-28 23:14:27.141355
MQ14,v_asp_volume: volume effect + ASP effect = revenue change,2024-H1,revenue bridge,-1197.0000,-1197.0000,0.0000,0.5000,PASS,2026-09-28 23:14:27.142707
MQ14,v_asp_volume: volume effect + ASP effect = revenue change,2024-H2,revenue bridge,286.0000,286.0000,0.0000,0.5000,PASS,2026-09-28 23:14:27.142707
MQ14,v_asp_volume: volume effect + ASP effect = revenue change,2025-H1,revenue bridge,-1557.0000,-1557.0000,0.0000,0.5000,PASS,2026-09-28 23:14:27.142707
MQ14,v_asp_volume: volume effect + ASP effect = revenue change,2025-H2,revenue bridge,-2696.0000,-2696.0000,0.0000,0.5000,PASS,2026-09-28 23:14:27.142707
MQ14,v_asp_volume: volume effect + ASP effect = revenue change,2026-H1,revenue bridge,-980.0000,-980.0000,0.0000,0.5000,PASS,2026-09-28 23:14:27.142707
MQ15,v_delivery_mix: units by region = total deliveries; shares = 100%,2023-H1,region,167354.0000,167354.0000,0.0000,0.0500,PASS,2026-09-28 23:14:27.143916
MQ15,v_delivery_mix: units by model = total deliveries; shares = 100%,2023-H1,model,167354.0000,167354.0000,0.0000,0.0500,PASS,2026-09-28 23:14:27.143916
MQ15,v_delivery_mix: units by region = total deliveries; shares = 100%,2023-H2,region,152867.0000,152867.0000,0.0000,0.0500,PASS,2026-09-28 23:14:27.143916
MQ15,v_delivery_mix: units by model = total deliveries; shares = 100%,2023-H2,model,152867.0000,152867.0000,0.0000,0.0500,PASS,2026-09-28 23:14:27.143916
MQ15,v_delivery_mix: units by model = total deliveries; shares = 100%,2024-H1,model,155945.0000,155945.0000,0.0000,0.0500,PASS,2026-09-28 23:14:27.143916
MQ15,v_delivery_mix: units by region = total deliveries; shares = 100%,2024-H1,region,155945.0000,155945.0000,0.0000,0.0500,PASS,2026-09-28 23:14:27.143916
MQ15,v_delivery_mix: units by model = total deliveries; shares = 100%,2024-H2,model,154773.0000,154773.0000,0.0000,0.0500,PASS,2026-09-28 23:14:27.143916
MQ15,v_delivery_mix: units by region = total deliveries; shares = 100%,2024-H2,region,154773.0000,154773.0000,0.0000,0.0500,PASS,2026-09-28 23:14:27.143916
MQ15,v_delivery_mix: units by model = total deliveries; shares = 100%,2025-H1,model,146391.0000,146391.0000,0.0000,0.0500,PASS,2026-09-28 23:14:27.143916
MQ15,v_delivery_mix: units by region = total deliveries; shares = 100%,2025-H1,region,146391.0000,146391.0000,0.0000,0.0500,PASS,2026-09-28 23:14:27.143916
MQ15,v_delivery_mix: units by region = total deliveries; shares = 100%,2025-H2,region,133058.0000,133058.0000,0.0000,0.0500,PASS,2026-09-28 23:14:27.143916
MQ15,v_delivery_mix: units by model = total deliveries; shares = 100%,2025-H2,model,133058.0000,133058.0000,0.0000,0.0500,PASS,2026-09-28 23:14:27.143916
MQ15,v_delivery_mix: units by model = total deliveries; shares = 100%,2026-H1,model,122306.0000,122306.0000,0.0000,0.0500,PASS,2026-09-28 23:14:27.143916
MQ15,v_delivery_mix: units by region = total deliveries; shares = 100%,2026-H1,region,122306.0000,122306.0000,0.0000,0.0500,PASS,2026-09-28 23:14:27.143916
MQ16,v_cash_crosscheck: NCF = CFO + investing of current operations (AF-12: H1 2024 NCF stored rounded in S025),2023-H1,ncf,2216.9809,2216.9809,0.0000,0.5000,PASS,2026-09-28 23:14:27.146192
MQ16,v_cash_crosscheck: NCF = CFO + investing of current operations (AF-12: H1 2024 NCF stored rounded in S025),2023-H2,ncf,1756.4485,1756.4485,0.0000,0.5000,PASS,2026-09-28 23:14:27.146192
MQ16,v_cash_crosscheck: NCF = CFO + investing of current operations (AF-12: H1 2024 NCF stored rounded in S025),2024-H1,ncf,1116.8897,1117.0000,0.1103,0.5000,PASS,2026-09-28 23:14:27.146192
MQ16,v_cash_crosscheck: NCF = CFO + investing of current operations (AF-12: H1 2024 NCF stored rounded in S025),2024-H2,ncf,2617.7362,2617.6258,-0.1103,0.5000,PASS,2026-09-28 23:14:27.146192
MQ16,v_cash_crosscheck: NCF = CFO + investing of current operations (AF-12: H1 2024 NCF stored rounded in S025),2025-H1,ncf,393.9943,393.9943,0.0000,0.5000,PASS,2026-09-28 23:14:27.146192
MQ16,v_cash_crosscheck: NCF = CFO + investing of current operations (AF-12: H1 2024 NCF stored rounded in S025),2025-H2,ncf,1117.1216,1117.1216,0.0000,0.5000,PASS,2026-09-28 23:14:27.146192
MQ16,v_cash_crosscheck: NCF = CFO + investing of current operations (AF-12: H1 2024 NCF stored rounded in S025),2026-H1,ncf,1020.2448,1020.2448,0.0000,0.5000,PASS,2026-09-28 23:14:27.146192
MQ17,v_cash_crosscheck: NCF margin = published (S009 slide 35),2024-H1,ncf_margin,6.3000,6.3100,0.0100,0.0500,PASS,2026-09-28 23:14:27.147234
MQ17,v_cash_crosscheck: NCF margin = published (S016 slide 13),2025-H1,ncf_margin,2.4000,2.4400,0.0400,0.0500,PASS,2026-09-28 23:14:27.147234
MQ17,v_cash_crosscheck: NCF margin = published (S016 slide 13),2026-H1,ncf_margin,6.7000,6.7300,0.0300,0.0500,PASS,2026-09-28 23:14:27.147234
MQ18,v_cash_crosscheck: EBITDA margin = published automotive EBITDA margin,2023-H1,ebitda_margin,25.6000,25.5600,-0.0400,0.0500,PASS,2026-09-28 23:14:27.148306
MQ18,v_cash_crosscheck: EBITDA margin = published automotive EBITDA margin,2024-H1,ebitda_margin,24.1000,24.1200,0.0200,0.0500,PASS,2026-09-28 23:14:27.148306
MQ18,v_cash_crosscheck: EBITDA margin = published automotive EBITDA margin,2025-H1,ebitda_margin,16.0000,16.0400,0.0400,0.0500,PASS,2026-09-28 23:14:27.148306
MQ18,v_cash_crosscheck: EBITDA margin = published automotive EBITDA margin,2026-H1,ebitda_margin,18.3000,18.2500,-0.0500,0.0500,PASS,2026-09-28 23:14:27.148306
MQ19,v_ebit_bridge_yoy: effects + residual = change in EBIT,2024-H1,EUR bridge,-790.7798,-790.7798,0.0000,0.0010,PASS,2026-09-28 23:14:27.150081
MQ19,v_ebit_bridge_yoy: effects + residual = change in EBIT,2024-H2,EUR bridge,-856.6352,-856.6352,0.0000,0.0010,PASS,2026-09-28 23:14:27.150081
MQ19,v_ebit_bridge_yoy: effects + residual = change in EBIT,2025-H1,EUR bridge,-2054.6642,-2054.6642,0.0000,0.0010,PASS,2026-09-28 23:14:27.150081
MQ19,v_ebit_bridge_yoy: effects + residual = change in EBIT,2025-H2,EUR bridge,-3168.9445,-3168.9445,0.0000,0.0010,PASS,2026-09-28 23:14:27.150081
MQ19,v_ebit_bridge_yoy: effects + residual = change in EBIT,2026-H1,EUR bridge,341.3938,341.3938,0.0000,0.0010,PASS,2026-09-28 23:14:27.150081
MQ20,v_ebit_bridge_yoy: margin-point components = change in margin,2024-H1,pp bridge,-3.1200,-3.1200,0.0000,0.0100,PASS,2026-09-28 23:14:27.153292
MQ20,v_ebit_bridge_yoy: margin-point components = change in margin,2024-H2,pp bridge,-4.5900,-4.5900,0.0000,0.0100,PASS,2026-09-28 23:14:27.153292
MQ20,v_ebit_bridge_yoy: margin-point components = change in margin,2025-H1,pp bridge,-10.1900,-10.1900,0.0000,0.0100,PASS,2026-09-28 23:14:27.153292
MQ20,v_ebit_bridge_yoy: margin-point components = change in margin,2025-H2,pp bridge,-15.7630,-15.7620,0.0010,0.0100,PASS,2026-09-28 23:14:27.153292
MQ20,v_ebit_bridge_yoy: margin-point components = change in margin,2026-H1,pp bridge,2.2800,2.2800,0.0000,0.0100,PASS,2026-09-28 23:14:27.153292
MQ21,v_ebit_bridge_yoy: change in L1 EBIT = non-exceptional effects (cross-view),2024-H1,L1 change,-790.7798,-790.7798,0.0000,0.0010,PASS,2026-09-28 23:14:27.156469
MQ21,v_ebit_bridge_yoy: change in L1 EBIT = non-exceptional effects (cross-view),2024-H2,L1 change,-856.6352,-856.6352,0.0000,0.0010,PASS,2026-09-28 23:14:27.156469
MQ21,v_ebit_bridge_yoy: change in L1 EBIT = non-exceptional effects (cross-view),2025-H1,L1 change,-1354.6642,-1354.6642,0.0000,0.0010,PASS,2026-09-28 23:14:27.156469
MQ21,v_ebit_bridge_yoy: change in L1 EBIT = non-exceptional effects (cross-view),2025-H2,L1 change,-768.9445,-768.9445,0.0000,0.0010,PASS,2026-09-28 23:14:27.156469
MQ21,v_ebit_bridge_yoy: change in L1 EBIT = non-exceptional effects (cross-view),2026-H1,L1 change,-258.6062,-258.6062,0.0000,0.0010,PASS,2026-09-28 23:14:27.156469
MQ22,v_ebit_bridge_yoy: change in EBIT = sum of Porsche bridge buckets B01-B04,2024-H1,vs Porsche bridge,-780.0000,-790.7798,-10.7798,50.0000,PASS,2026-09-28 23:14:27.160885
MQ22,v_ebit_bridge_yoy: change in EBIT = sum of Porsche bridge buckets B01-B04,2024-H2,vs Porsche bridge,-920.0000,-856.6352,63.3648,250.0000,PASS,2026-09-28 23:14:27.160885
MQ22,v_ebit_bridge_yoy: change in EBIT = sum of Porsche bridge buckets B01-B04,2025-H1,vs Porsche bridge,-2060.0000,-2054.6642,5.3358,50.0000,PASS,2026-09-28 23:14:27.160885
MQ22,v_ebit_bridge_yoy: change in EBIT = sum of Porsche bridge buckets B01-B04,2025-H2,vs Porsche bridge,-3170.0000,-3168.9445,1.0555,50.0000,PASS,2026-09-28 23:14:27.160885
MQ22,v_ebit_bridge_yoy: change in EBIT = sum of Porsche bridge buckets B01-B04,2026-H1,vs Porsche bridge,340.0000,341.3938,1.3938,50.0000,PASS,2026-09-28 23:14:27.160885
MQ23,v_guidance_2026: 27 cases; FY EBIT = H1 2026 + H2 implied; H2 revenue > 0,,grid,27.0000,27.0000,,,PASS,2026-09-28 23:14:27.164457
MQ24,"v_guidance_2026: mid case FY EBIT = 35,500 x 6.5%",,fy_ebit mid,2307.5000,2307.5000,0.0000,0.0010,PASS,2026-09-28 23:14:27.167689
MQ25,"v_guidance_2026_summary: min <= mid <= max for L0, L1, L2",,ordering,,,,,PASS,2026-09-28 23:14:27.170565
MQ26,"v_guidance_2026_auto: 9 cases, H2 automotive revenue > 0",,grid,9.0000,9.0000,,,PASS,2026-09-28 23:14:27.173948
MQ27,mart.view_catalog: every mart view documented and every entry exists,,undocumented or missing,,0.0000,,,PASS,2026-09-28 23:14:27.175154
MQ28,Labelling: no mart column named *cash_spend* / *operating_residual* / *cash_rd*,,offending columns,,0.0000,,,PASS,2026-09-28 23:14:27.176744
MQ28,Labelling: every L3 row flagged as supplementary hybrid sensitivity,,rows without label,,0.0000,,,PASS,2026-09-28 23:14:27.181088
MQ28,Labelling: every guidance row labelled as scenario combination (not forecast),,rows without label,,0.0000,,,PASS,2026-09-28 23:14:27.182553
