scenario_id,scenario_type,case_rev,case_ros,case_ex,fy_rev,fy_ros,fy_exc,fy_ebit,h1_rev,h1_ebit,h2_rev,h2_ebit_l0,h2_margin_l0_pct,h2_exceptional_implied,h2_ebit_l1,h2_margin_l1_pct,h2_tariffs_assumed,h2_margin_l2_pct,h1_margin_l0,h1_margin_l1,h2_25_margin_l0,h2_25_margin_l1,assumptions_used
high/high/high,"Scenario combination of guidance range ends - not a forecast, no probability attached",high,high,high,36000.0000,7.5000,900.0000,2700.0000000000000000,17229.455528,1348.185049,18770.544472,1351.8149510000000000,7.20,800.000000,2151.8149510000000000,11.46,400.000000,13.59,7.82,8.41,-3.28,9.97,A-06; A-07 (L2 only); A-08
high/high/low,"Scenario combination of guidance range ends - not a forecast, no probability attached",high,high,low,36000.0000,7.5000,800.0000,2700.0000000000000000,17229.455528,1348.185049,18770.544472,1351.8149510000000000,7.20,700.000000,2051.8149510000000000,10.93,400.000000,13.06,7.82,8.41,-3.28,9.97,A-06; A-07 (L2 only); A-08
high/high/mid,"Scenario combination of guidance range ends - not a forecast, no probability attached",high,high,mid,36000.0000,7.5000,850.0000000000000000,2700.0000000000000000,17229.455528,1348.185049,18770.544472,1351.8149510000000000,7.20,750.0000000000000000,2101.8149510000000000,11.20,400.000000,13.33,7.82,8.41,-3.28,9.97,A-06; A-07 (L2 only); A-08
high/low/high,"Scenario combination of guidance range ends - not a forecast, no probability attached",high,low,high,36000.0000,5.5000,900.0000,1980.0000000000000000,17229.455528,1348.185049,18770.544472,631.8149510000000000,3.37,800.000000,1431.8149510000000000,7.63,400.000000,9.76,7.82,8.41,-3.28,9.97,A-06; A-07 (L2 only); A-08
high/low/low,"Scenario combination of guidance range ends - not a forecast, no probability attached",high,low,low,36000.0000,5.5000,800.0000,1980.0000000000000000,17229.455528,1348.185049,18770.544472,631.8149510000000000,3.37,700.000000,1331.8149510000000000,7.10,400.000000,9.23,7.82,8.41,-3.28,9.97,A-06; A-07 (L2 only); A-08
high/low/mid,"Scenario combination of guidance range ends - not a forecast, no probability attached",high,low,mid,36000.0000,5.5000,850.0000000000000000,1980.0000000000000000,17229.455528,1348.185049,18770.544472,631.8149510000000000,3.37,750.0000000000000000,1381.8149510000000000,7.36,400.000000,9.49,7.82,8.41,-3.28,9.97,A-06; A-07 (L2 only); A-08
high/mid/high,"Scenario combination of guidance range ends - not a forecast, no probability attached",high,mid,high,36000.0000,6.5000000000000000,900.0000,2340.00000000000000000000,17229.455528,1348.185049,18770.544472,991.81495100000000000000,5.28,800.000000,1791.81495100000000000000,9.55,400.000000,11.68,7.82,8.41,-3.28,9.97,A-06; A-07 (L2 only); A-08
high/mid/low,"Scenario combination of guidance range ends - not a forecast, no probability attached",high,mid,low,36000.0000,6.5000000000000000,800.0000,2340.00000000000000000000,17229.455528,1348.185049,18770.544472,991.81495100000000000000,5.28,700.000000,1691.81495100000000000000,9.01,400.000000,11.14,7.82,8.41,-3.28,9.97,A-06; A-07 (L2 only); A-08
high/mid/mid,"Scenario combination of guidance range ends - not a forecast, no probability attached",high,mid,mid,36000.0000,6.5000000000000000,850.0000000000000000,2340.00000000000000000000,17229.455528,1348.185049,18770.544472,991.81495100000000000000,5.28,750.0000000000000000,1741.81495100000000000000,9.28,400.000000,11.41,7.82,8.41,-3.28,9.97,A-06; A-07 (L2 only); A-08
low/high/high,"Scenario combination of guidance range ends - not a forecast, no probability attached",low,high,high,35000.0000,7.5000,900.0000,2625.0000000000000000,17229.455528,1348.185049,17770.544472,1276.8149510000000000,7.19,800.000000,2076.8149510000000000,11.69,400.000000,13.94,7.82,8.41,-3.28,9.97,A-06; A-07 (L2 only); A-08
low/high/low,"Scenario combination of guidance range ends - not a forecast, no probability attached",low,high,low,35000.0000,7.5000,800.0000,2625.0000000000000000,17229.455528,1348.185049,17770.544472,1276.8149510000000000,7.19,700.000000,1976.8149510000000000,11.12,400.000000,13.38,7.82,8.41,-3.28,9.97,A-06; A-07 (L2 only); A-08
low/high/mid,"Scenario combination of guidance range ends - not a forecast, no probability attached",low,high,mid,35000.0000,7.5000,850.0000000000000000,2625.0000000000000000,17229.455528,1348.185049,17770.544472,1276.8149510000000000,7.19,750.0000000000000000,2026.8149510000000000,11.41,400.000000,13.66,7.82,8.41,-3.28,9.97,A-06; A-07 (L2 only); A-08
low/low/high,"Scenario combination of guidance range ends - not a forecast, no probability attached",low,low,high,35000.0000,5.5000,900.0000,1925.0000000000000000,17229.455528,1348.185049,17770.544472,576.8149510000000000,3.25,800.000000,1376.8149510000000000,7.75,400.000000,10.00,7.82,8.41,-3.28,9.97,A-06; A-07 (L2 only); A-08
low/low/low,"Scenario combination of guidance range ends - not a forecast, no probability attached",low,low,low,35000.0000,5.5000,800.0000,1925.0000000000000000,17229.455528,1348.185049,17770.544472,576.8149510000000000,3.25,700.000000,1276.8149510000000000,7.19,400.000000,9.44,7.82,8.41,-3.28,9.97,A-06; A-07 (L2 only); A-08
low/low/mid,"Scenario combination of guidance range ends - not a forecast, no probability attached",low,low,mid,35000.0000,5.5000,850.0000000000000000,1925.0000000000000000,17229.455528,1348.185049,17770.544472,576.8149510000000000,3.25,750.0000000000000000,1326.8149510000000000,7.47,400.000000,9.72,7.82,8.41,-3.28,9.97,A-06; A-07 (L2 only); A-08
low/mid/high,"Scenario combination of guidance range ends - not a forecast, no probability attached",low,mid,high,35000.0000,6.5000000000000000,900.0000,2275.00000000000000000000,17229.455528,1348.185049,17770.544472,926.81495100000000000000,5.22,800.000000,1726.81495100000000000000,9.72,400.000000,11.97,7.82,8.41,-3.28,9.97,A-06; A-07 (L2 only); A-08
low/mid/low,"Scenario combination of guidance range ends - not a forecast, no probability attached",low,mid,low,35000.0000,6.5000000000000000,800.0000,2275.00000000000000000000,17229.455528,1348.185049,17770.544472,926.81495100000000000000,5.22,700.000000,1626.81495100000000000000,9.15,400.000000,11.41,7.82,8.41,-3.28,9.97,A-06; A-07 (L2 only); A-08
low/mid/mid,"Scenario combination of guidance range ends - not a forecast, no probability attached",low,mid,mid,35000.0000,6.5000000000000000,850.0000000000000000,2275.00000000000000000000,17229.455528,1348.185049,17770.544472,926.81495100000000000000,5.22,750.0000000000000000,1676.81495100000000000000,9.44,400.000000,11.69,7.82,8.41,-3.28,9.97,A-06; A-07 (L2 only); A-08
mid/high/high,"Scenario combination of guidance range ends - not a forecast, no probability attached",mid,high,high,35500.000000000000,7.5000,900.0000,2662.5000000000000000,17229.455528,1348.185049,18270.544472000000,1314.3149510000000000,7.19,800.000000,2114.3149510000000000,11.57,400.000000,13.76,7.82,8.41,-3.28,9.97,A-06; A-07 (L2 only); A-08
mid/high/low,"Scenario combination of guidance range ends - not a forecast, no probability attached",mid,high,low,35500.000000000000,7.5000,800.0000,2662.5000000000000000,17229.455528,1348.185049,18270.544472000000,1314.3149510000000000,7.19,700.000000,2014.3149510000000000,11.02,400.000000,13.21,7.82,8.41,-3.28,9.97,A-06; A-07 (L2 only); A-08
mid/high/mid,"Scenario combination of guidance range ends - not a forecast, no probability attached",mid,high,mid,35500.000000000000,7.5000,850.0000000000000000,2662.5000000000000000,17229.455528,1348.185049,18270.544472000000,1314.3149510000000000,7.19,750.0000000000000000,2064.3149510000000000,11.30,400.000000,13.49,7.82,8.41,-3.28,9.97,A-06; A-07 (L2 only); A-08
mid/low/high,"Scenario combination of guidance range ends - not a forecast, no probability attached",mid,low,high,35500.000000000000,5.5000,900.0000,1952.5000000000000000,17229.455528,1348.185049,18270.544472000000,604.3149510000000000,3.31,800.000000,1404.3149510000000000,7.69,400.000000,9.88,7.82,8.41,-3.28,9.97,A-06; A-07 (L2 only); A-08
mid/low/low,"Scenario combination of guidance range ends - not a forecast, no probability attached",mid,low,low,35500.000000000000,5.5000,800.0000,1952.5000000000000000,17229.455528,1348.185049,18270.544472000000,604.3149510000000000,3.31,700.000000,1304.3149510000000000,7.14,400.000000,9.33,7.82,8.41,-3.28,9.97,A-06; A-07 (L2 only); A-08
mid/low/mid,"Scenario combination of guidance range ends - not a forecast, no probability attached",mid,low,mid,35500.000000000000,5.5000,850.0000000000000000,1952.5000000000000000,17229.455528,1348.185049,18270.544472000000,604.3149510000000000,3.31,750.0000000000000000,1354.3149510000000000,7.41,400.000000,9.60,7.82,8.41,-3.28,9.97,A-06; A-07 (L2 only); A-08
mid/mid/high,"Scenario combination of guidance range ends - not a forecast, no probability attached",mid,mid,high,35500.000000000000,6.5000000000000000,900.0000,2307.5000000000000000000000000000,17229.455528,1348.185049,18270.544472000000,959.3149510000000000000000000000,5.25,800.000000,1759.3149510000000000000000000000,9.63,400.000000,11.82,7.82,8.41,-3.28,9.97,A-06; A-07 (L2 only); A-08
mid/mid/low,"Scenario combination of guidance range ends - not a forecast, no probability attached",mid,mid,low,35500.000000000000,6.5000000000000000,800.0000,2307.5000000000000000000000000000,17229.455528,1348.185049,18270.544472000000,959.3149510000000000000000000000,5.25,700.000000,1659.3149510000000000000000000000,9.08,400.000000,11.27,7.82,8.41,-3.28,9.97,A-06; A-07 (L2 only); A-08
mid/mid/mid,"Scenario combination of guidance range ends - not a forecast, no probability attached",mid,mid,mid,35500.000000000000,6.5000000000000000,850.0000000000000000,2307.5000000000000000000000000000,17229.455528,1348.185049,18270.544472000000,959.3149510000000000000000000000,5.25,750.0000000000000000,1709.3149510000000000000000000000,9.36,400.000000,11.54,7.82,8.41,-3.28,9.97,A-06; A-07 (L2 only); A-08
