assumption_id,statement,applies_to,rationale,sensitivity
A-01,No realignment/battery items were disclosed for 2023-H1..2024-H2; treated as 0 in adjusted EBIT.,"v_ebit_adjusted, v_ebit_bridge_yoy","FY2023 and FY2024 EBIT bridges (S003 p.55, S007 p.65) show no extraordinary bracket; H1 2024 deck mentions only a qualitative supply disruption.","If undisclosed one-offs existed in 2023/24, the 2023/24 adjusted baseline would be higher and the recovery weaker than shown."
A-02,No additional US import tariffs before April 2025; treated as 0.,"v_ebit_adjusted, v_ebit_bridge_yoy",Section 232 auto tariffs took effect 3 April 2025 (Phase 1 research); Porsche first reports tariff costs in H1 2025.,Low: pre-2025 MFN duties are part of normal cost of sales.
A-03,"Impairments inside automotive D&A are 0 where not disclosed (2023-H2, 2024-H2).","v_da_clean, v_ebit_adjusted (level L3), v_ebit_bridge_yoy",H1 2023 and H1 2024 segment notes show automotive impairments of 0/nil; FY2023/FY2024 amounts could not be verified (audit.data_gap).,Any undisclosed H2 2023/24 impairment would lower clean D&A for those periods.
A-04,H1 2026 impairments of EUR 61m (eBike 43 + Cellforce 18) are inside automotive D&A.,"v_da_clean, v_ebit_adjusted (L3), v_ebit_bridge_yoy",Both are published impairments of automotive subsidiaries; their line item is not confirmed (Inputs M-row note).,"Alternative 0: clean D&A +61m, L3 -61m in H1 2026; shown as a sensitivity column."
A-05,FY2026 automotive revenue = group revenue guidance x H1 2026 automotive share of group revenue (88.0%).,v_guidance_2026_auto,Porsche guides automotive margins but not automotive revenue.,The share fell steadily from 92.5% (2023-H1) to 88.0% (2026-H1) as Financial Services grew. Tested: +/-1pp share moves the implied H2 2026 automotive EBITDA margin by only ~0.05pp (13.83%-13.92% at mid guidance).
A-06,FY2026 extraordinary-expense guidance (EUR 0.8-0.9bn) is on the same net basis as the H1 2026 figure (EUR ~0.1bn).,v_guidance_2026,"CFO: net effect ~EUR 100m in H1, EUR 800-900m for the full year (S027). Consistent with Porsche press release S018: realignment costs expected to reach a three-digit-million amount in H2 2026.","If the guidance were gross of provision releases, implied H2 exceptional charges would be lower."
A-07,H2 2026 tariff expense = H1 2026 tariff expense (EUR 0.4bn).,v_guidance_2026 (level L2 only),"No primary full-year 2026 tariff figure was verified. A secondary summary of the Q1 2026 call (Quartr) cites ~EUR 700m for FY2026, which would imply ~EUR 300m in H2.",Level L2 only; L0 and L1 do not depend on it. Using EUR 300m instead of 400m lowers the implied H2 L2 margin by ~0.55pp.
A-08,"Guidance ranges are combined as a grid of low / mid / high values, treated as independent.","v_guidance_2026, v_guidance_2026_auto",Porsche gives ranges without saying which ends go together.,"Extreme corners (low revenue with high margin) are included, so the range is wide on purpose."
A-09,Derived H2 values inherit rounding of their inputs (one-offs EUR 0.1bn -> +/-EUR 100m on H2 one-offs).,all views using H2 one-off values,H2 = FY - H1; both inputs rounded to EUR 0.1bn.,Shown as rounding_band_eur_m in v_ebit_adjusted.
