period_code,prior_period_code,step_id,eur_m,pp
2024-H1,2023-H1,S0_START,3852.235213,
2024-H1,2023-H1,S1_EXC,0,0.000
2024-H1,2023-H1,S2_TAR,0,0.000
2024-H1,2023-H1,S3_CAPDEV,-78.000000,-0.401
2024-H1,2023-H1,S4_DA,-188.000000,-0.966
2024-H1,2023-H1,S5_FS,-45.000000,-0.231
2024-H1,2023-H1,S6_RES,-479.779761,-2.466
2024-H1,2023-H1,S7_DENOM,,0.944
2024-H2,2023-H2,S0_START,3432.072410,
2024-H2,2023-H2,S1_EXC,0,0.000
2024-H2,2023-H2,S2_TAR,0,0.000
2024-H2,2023-H2,S3_CAPDEV,-420.000000,-2.036
2024-H2,2023-H2,S4_DA,-141.000000,-0.684
2024-H2,2023-H2,S5_FS,21.000000,0.102
2024-H2,2023-H2,S6_RES,-316.635220,-1.535
2024-H2,2023-H2,S7_DENOM,,-0.437
2025-H1,2024-H1,S0_START,3061.455452,
2025-H1,2024-H1,S1_EXC,-700.000000,-3.855
2025-H1,2024-H1,S2_TAR,-400.000000,-2.203
2025-H1,2024-H1,S3_CAPDEV,-548.000000,-3.018
2025-H1,2024-H1,S4_DA,-97.000000,-0.534
2025-H1,2024-H1,S5_FS,16.000000,0.088
2025-H1,2024-H1,S6_RES,-325.664155,-1.794
2025-H1,2024-H1,S7_DENOM,,1.126
2025-H2,2024-H2,S0_START,2575.437190,
2025-H2,2024-H2,S1_EXC,-2400.000000,-13.249
2025-H2,2024-H2,S2_TAR,-300.000000,-1.656
2025-H2,2024-H2,S3_CAPDEV,-72.000000,-0.397
2025-H2,2024-H2,S4_DA,90.000000,0.497
2025-H2,2024-H2,S5_FS,-35.000000,-0.193
2025-H2,2024-H2,S6_RES,-451.944518,-2.495
2025-H2,2024-H2,S7_DENOM,,1.731
2026-H1,2025-H1,S0_START,1006.791297,
2026-H1,2025-H1,S1_EXC,600.000000,3.482
2026-H1,2025-H1,S2_TAR,0.000000,0.000
2026-H1,2025-H1,S3_CAPDEV,-88.000000,-0.511
2026-H1,2025-H1,S4_DA,-37.000000,-0.215
2026-H1,2025-H1,S5_FS,6.000000,0.035
2026-H1,2025-H1,S6_RES,-139.606248,-0.810
2026-H1,2025-H1,S7_DENOM,,0.299
