metric_key,period_code,scenario_id,sql_value,tolerance,sql_view,dimension,member_id
asp_calc_eur_k,2023-H1,,110.61,0.005,mart.v_asp_volume,,
asp_calc_eur_k,2023-H2,,113.37,0.005,mart.v_asp_volume,,
asp_calc_eur_k,2024-H1,,116.46,0.005,mart.v_asp_volume,,
asp_calc_eur_k,2024-H2,,116.65,0.005,mart.v_asp_volume,,
asp_calc_eur_k,2025-H1,,119.42,0.005,mart.v_asp_volume,,
asp_calc_eur_k,2025-H2,,122.95,0.005,mart.v_asp_volume,,
asp_calc_eur_k,2026-H1,,125.78,0.005,mart.v_asp_volume,,
asp_effect,2024-H1,,888.8,0.05,mart.v_asp_volume,,
asp_effect,2024-H2,,527.1,0.05,mart.v_asp_volume,,
asp_effect,2025-H1,,399.7,0.05,mart.v_asp_volume,,
asp_effect,2025-H2,,821.6,0.05,mart.v_asp_volume,,
asp_effect,2026-H1,,767.5,0.05,mart.v_asp_volume,,
volume_effect,2024-H1,,-2085.8,0.05,mart.v_asp_volume,,
volume_effect,2024-H2,,-241.1,0.05,mart.v_asp_volume,,
volume_effect,2025-H1,,-1956.7,0.05,mart.v_asp_volume,,
volume_effect,2025-H2,,-3517.6,0.05,mart.v_asp_volume,,
volume_effect,2026-H1,,-1747.5,0.05,mart.v_asp_volume,,
yoy_asp_pct,2024-H1,,5.3,0.051,mart.v_asp_volume,,
yoy_asp_pct,2024-H2,,2.9,0.051,mart.v_asp_volume,,
yoy_asp_pct,2025-H1,,2.5,0.051,mart.v_asp_volume,,
yoy_asp_pct,2025-H2,,5.4,0.051,mart.v_asp_volume,,
yoy_asp_pct,2026-H1,,5.3,0.051,mart.v_asp_volume,,
yoy_auto_revenue,2024-H1,,-1197.000000,0.000001,mart.v_asp_volume,,
yoy_auto_revenue,2024-H2,,286.000000,0.000001,mart.v_asp_volume,,
yoy_auto_revenue,2025-H1,,-1557.000000,0.000001,mart.v_asp_volume,,
yoy_auto_revenue,2025-H2,,-2696.000000,0.000001,mart.v_asp_volume,,
yoy_auto_revenue,2026-H1,,-980.000000,0.000001,mart.v_asp_volume,,
yoy_vehicle_sales_pct,2024-H1,,-11.0,0.05,mart.v_asp_volume,,
yoy_vehicle_sales_pct,2024-H2,,-1.3,0.05,mart.v_asp_volume,,
yoy_vehicle_sales_pct,2025-H1,,-11.1,0.05,mart.v_asp_volume,,
yoy_vehicle_sales_pct,2025-H2,,-18.8,0.05,mart.v_asp_volume,,
yoy_vehicle_sales_pct,2026-H1,,-10.8,0.05,mart.v_asp_volume,,
auto_net_cash_flow,2023-H1,,2216.980857,0.000001,mart.v_cash_crosscheck,,
auto_net_cash_flow,2023-H2,,1756.448492,0.000001,mart.v_cash_crosscheck,,
auto_net_cash_flow,2024-H1,,1117.000000,0.000001,mart.v_cash_crosscheck,,
auto_net_cash_flow,2024-H2,,2617.625833,0.000001,mart.v_cash_crosscheck,,
auto_net_cash_flow,2025-H1,,393.994270,0.000001,mart.v_cash_crosscheck,,
auto_net_cash_flow,2025-H2,,1117.121593,0.000001,mart.v_cash_crosscheck,,
auto_net_cash_flow,2026-H1,,1020.244813,0.000001,mart.v_cash_crosscheck,,
cfo_to_ebitda,2023-H1,,0.91,0.005,mart.v_cash_crosscheck,,
cfo_to_ebitda,2023-H2,,0.81,0.005,mart.v_cash_crosscheck,,
cfo_to_ebitda,2024-H1,,0.79,0.005,mart.v_cash_crosscheck,,
cfo_to_ebitda,2024-H2,,1.09,0.005,mart.v_cash_crosscheck,,
cfo_to_ebitda,2025-H1,,0.78,0.005,mart.v_cash_crosscheck,,
cfo_to_ebitda,2025-H2,,1.66,0.005,mart.v_cash_crosscheck,,
cfo_to_ebitda,2026-H1,,0.88,0.005,mart.v_cash_crosscheck,,
ebitda_margin_calc_pct,2023-H1,,25.56,0.005,mart.v_cash_crosscheck,,
ebitda_margin_calc_pct,2023-H2,,25.82,0.005,mart.v_cash_crosscheck,,
ebitda_margin_calc_pct,2024-H1,,24.12,0.005,mart.v_cash_crosscheck,,
ebitda_margin_calc_pct,2024-H2,,21.36,0.005,mart.v_cash_crosscheck,,
ebitda_margin_calc_pct,2025-H1,,16.04,0.005,mart.v_cash_crosscheck,,
ebitda_margin_calc_pct,2025-H2,,10.56,0.005,mart.v_cash_crosscheck,,
ebitda_margin_calc_pct,2026-H1,,18.25,0.005,mart.v_cash_crosscheck,,
ncf_margin_pct,2023-H1,,11.74,0.005,mart.v_cash_crosscheck,,
ncf_margin_pct,2023-H2,,9.52,0.005,mart.v_cash_crosscheck,,
ncf_margin_pct,2024-H1,,6.31,0.005,mart.v_cash_crosscheck,,
ncf_margin_pct,2024-H2,,13.97,0.005,mart.v_cash_crosscheck,,
ncf_margin_pct,2025-H1,,2.44,0.005,mart.v_cash_crosscheck,,
ncf_margin_pct,2025-H2,,6.96,0.005,mart.v_cash_crosscheck,,
ncf_margin_pct,2026-H1,,6.73,0.005,mart.v_cash_crosscheck,,
simple_cash_proxy,2023-H1,,2762.000000,0.000001,mart.v_cash_crosscheck,,
simple_cash_proxy,2023-H2,,2787.000000,0.000001,mart.v_cash_crosscheck,,
simple_cash_proxy,2024-H1,,2295.000000,0.000001,mart.v_cash_crosscheck,,
simple_cash_proxy,2024-H2,,2274.000000,0.000001,mart.v_cash_crosscheck,,
simple_cash_proxy,2025-H1,,1048.000000,0.000001,mart.v_cash_crosscheck,,
simple_cash_proxy,2025-H2,,134.000000,0.000001,mart.v_cash_crosscheck,,
simple_cash_proxy,2026-H1,,1374.000000,0.000001,mart.v_cash_crosscheck,,
da_clean,2023-H1,,1176.000000,0.000001,mart.v_da_clean,,
da_clean,2023-H2,,1480.000000,0.000001,mart.v_da_clean,,
da_clean,2024-H1,,1364.000000,0.000001,mart.v_da_clean,,
da_clean,2024-H2,,1621.000000,0.000001,mart.v_da_clean,,
da_clean,2025-H1,,1461.000000,0.000001,mart.v_da_clean,,
da_clean,2025-H2,,1531.000000,0.000001,mart.v_da_clean,,
da_clean,2026-H1,,1498.000000,0.000001,mart.v_da_clean,,
yoy_da_clean,2024-H1,,188.000000,0.000001,mart.v_da_clean,,
yoy_da_clean,2024-H2,,141.000000,0.000001,mart.v_da_clean,,
yoy_da_clean,2025-H1,,97.000000,0.000001,mart.v_da_clean,,
yoy_da_clean,2025-H2,,-90.000000,0.000001,mart.v_da_clean,,
yoy_da_clean,2026-H1,,37.000000,0.000001,mart.v_da_clean,,
mix_share_pct,2023-H1,,6.59,0.005,mart.v_delivery_mix,model,718
mix_share_pct,2023-H1,,15.61,0.005,mart.v_delivery_mix,model,911
mix_share_pct,2023-H1,,28.01,0.005,mart.v_delivery_mix,model,CAY
mix_share_pct,2023-H1,,28.54,0.005,mart.v_delivery_mix,model,MAC
mix_share_pct,2023-H1,,10.50,0.005,mart.v_delivery_mix,model,PAN
mix_share_pct,2023-H1,,10.75,0.005,mart.v_delivery_mix,model,TAY
mix_share_pct,2023-H1,,26.19,0.005,mart.v_delivery_mix,region,CN
mix_share_pct,2023-H1,,10.23,0.005,mart.v_delivery_mix,region,DE
mix_share_pct,2023-H1,,21.85,0.005,mart.v_delivery_mix,region,EU
mix_share_pct,2023-H1,,25.06,0.005,mart.v_delivery_mix,region,NA
mix_share_pct,2023-H1,,16.67,0.005,mart.v_delivery_mix,region,OEM
mix_share_pct,2023-H2,,6.20,0.005,mart.v_delivery_mix,model,718
mix_share_pct,2023-H2,,15.71,0.005,mart.v_delivery_mix,model,911
mix_share_pct,2023-H2,,26.60,0.005,mart.v_delivery_mix,model,CAY
mix_share_pct,2023-H2,,25.90,0.005,mart.v_delivery_mix,model,MAC
mix_share_pct,2023-H2,,10.76,0.005,mart.v_delivery_mix,model,PAN
mix_share_pct,2023-H2,,14.81,0.005,mart.v_delivery_mix,model,TAY
mix_share_pct,2023-H2,,23.19,0.005,mart.v_delivery_mix,region,CN
mix_share_pct,2023-H2,,10.02,0.005,mart.v_delivery_mix,region,DE
mix_share_pct,2023-H2,,22.02,0.005,mart.v_delivery_mix,region,EU
mix_share_pct,2023-H2,,28.86,0.005,mart.v_delivery_mix,region,NA
mix_share_pct,2023-H2,,15.91,0.005,mart.v_delivery_mix,region,OEM
mix_share_pct,2024-H1,,7.62,0.005,mart.v_delivery_mix,model,718
mix_share_pct,2024-H1,,18.09,0.005,mart.v_delivery_mix,model,911
mix_share_pct,2024-H1,,35.00,0.005,mart.v_delivery_mix,model,CAY
mix_share_pct,2024-H1,,25.12,0.005,mart.v_delivery_mix,model,MAC
mix_share_pct,2024-H1,,8.50,0.005,mart.v_delivery_mix,model,PAN
mix_share_pct,2024-H1,,5.67,0.005,mart.v_delivery_mix,model,TAY
mix_share_pct,2024-H1,,18.95,0.005,mart.v_delivery_mix,region,CN
mix_share_pct,2024-H1,,13.35,0.005,mart.v_delivery_mix,region,DE
mix_share_pct,2024-H1,,24.76,0.005,mart.v_delivery_mix,region,EU
mix_share_pct,2024-H1,,25.37,0.005,mart.v_delivery_mix,region,NA
mix_share_pct,2024-H1,,17.58,0.005,mart.v_delivery_mix,region,OEM
mix_share_pct,2024-H2,,7.61,0.005,mart.v_delivery_mix,model,718
mix_share_pct,2024-H2,,14.69,0.005,mart.v_delivery_mix,model,911
mix_share_pct,2024-H2,,31.21,0.005,mart.v_delivery_mix,model,CAY
mix_share_pct,2024-H2,,28.19,0.005,mart.v_delivery_mix,model,MAC
mix_share_pct,2024-H2,,10.55,0.005,mart.v_delivery_mix,model,PAN
mix_share_pct,2024-H2,,7.75,0.005,mart.v_delivery_mix,model,TAY
mix_share_pct,2024-H2,,17.66,0.005,mart.v_delivery_mix,region,CN
mix_share_pct,2024-H2,,9.72,0.005,mart.v_delivery_mix,region,DE
mix_share_pct,2024-H2,,24.09,0.005,mart.v_delivery_mix,region,EU
mix_share_pct,2024-H2,,30.36,0.005,mart.v_delivery_mix,region,NA
mix_share_pct,2024-H2,,18.17,0.005,mart.v_delivery_mix,region,OEM
mix_share_pct,2025-H1,,7.17,0.005,mart.v_delivery_mix,model,718
mix_share_pct,2025-H1,,17.49,0.005,mart.v_delivery_mix,model,911
mix_share_pct,2025-H1,,28.60,0.005,mart.v_delivery_mix,model,CAY
mix_share_pct,2025-H1,,30.83,0.005,mart.v_delivery_mix,model,MAC
mix_share_pct,2025-H1,,10.23,0.005,mart.v_delivery_mix,model,PAN
mix_share_pct,2025-H1,,5.67,0.005,mart.v_delivery_mix,model,TAY
mix_share_pct,2025-H1,,14.55,0.005,mart.v_delivery_mix,region,CN
mix_share_pct,2025-H1,,10.91,0.005,mart.v_delivery_mix,region,DE
mix_share_pct,2025-H1,,24.17,0.005,mart.v_delivery_mix,region,EU
mix_share_pct,2025-H1,,29.77,0.005,mart.v_delivery_mix,region,NA
mix_share_pct,2025-H1,,20.60,0.005,mart.v_delivery_mix,region,OEM
mix_share_pct,2025-H2,,6.10,0.005,mart.v_delivery_mix,model,718
mix_share_pct,2025-H2,,19.52,0.005,mart.v_delivery_mix,model,911
mix_share_pct,2025-H2,,29.32,0.005,mart.v_delivery_mix,model,CAY
mix_share_pct,2025-H2,,29.45,0.005,mart.v_delivery_mix,model,MAC
mix_share_pct,2025-H2,,9.56,0.005,mart.v_delivery_mix,model,PAN
mix_share_pct,2025-H2,,6.04,0.005,mart.v_delivery_mix,model,TAY
mix_share_pct,2025-H2,,15.51,0.005,mart.v_delivery_mix,region,CN
mix_share_pct,2025-H2,,10.52,0.005,mart.v_delivery_mix,region,DE
mix_share_pct,2025-H2,,23.27,0.005,mart.v_delivery_mix,region,EU
mix_share_pct,2025-H2,,32.06,0.005,mart.v_delivery_mix,region,NA
mix_share_pct,2025-H2,,18.65,0.005,mart.v_delivery_mix,region,OEM
mix_share_pct,2026-H1,,2.28,0.005,mart.v_delivery_mix,model,718
mix_share_pct,2026-H1,,24.97,0.005,mart.v_delivery_mix,model,911
mix_share_pct,2026-H1,,31.18,0.005,mart.v_delivery_mix,model,CAY
mix_share_pct,2026-H1,,28.87,0.005,mart.v_delivery_mix,model,MAC
mix_share_pct,2026-H1,,7.61,0.005,mart.v_delivery_mix,model,PAN
mix_share_pct,2026-H1,,5.08,0.005,mart.v_delivery_mix,model,TAY
mix_share_pct,2026-H1,,11.86,0.005,mart.v_delivery_mix,region,CN
mix_share_pct,2026-H1,,12.21,0.005,mart.v_delivery_mix,region,DE
mix_share_pct,2026-H1,,24.76,0.005,mart.v_delivery_mix,region,EU
mix_share_pct,2026-H1,,30.83,0.005,mart.v_delivery_mix,region,NA
mix_share_pct,2026-H1,,20.34,0.005,mart.v_delivery_mix,region,OEM
ebit_l0_reported,2023-H1,,3852.235213,0.000001,mart.v_ebit_adjusted,,
ebit_l0_reported,2023-H2,,3432.072410,0.000001,mart.v_ebit_adjusted,,
ebit_l0_reported,2024-H1,,3061.455452,0.000001,mart.v_ebit_adjusted,,
ebit_l0_reported,2024-H2,,2575.437190,0.000001,mart.v_ebit_adjusted,,
ebit_l0_reported,2025-H1,,1006.791297,0.000001,mart.v_ebit_adjusted,,
ebit_l0_reported,2025-H2,,-593.507328,0.000001,mart.v_ebit_adjusted,,
ebit_l0_reported,2026-H1,,1348.185049,0.000001,mart.v_ebit_adjusted,,
ebit_l1_ex_realignment,2023-H1,,3852.235213,0.000001,mart.v_ebit_adjusted,,
ebit_l1_ex_realignment,2023-H2,,3432.072410,0.000001,mart.v_ebit_adjusted,,
ebit_l1_ex_realignment,2024-H1,,3061.455452,0.000001,mart.v_ebit_adjusted,,
ebit_l1_ex_realignment,2024-H2,,2575.437190,0.000001,mart.v_ebit_adjusted,,
ebit_l1_ex_realignment,2025-H1,,1706.791297,0.000001,mart.v_ebit_adjusted,,
ebit_l1_ex_realignment,2025-H2,,1806.492672,0.000001,mart.v_ebit_adjusted,,
ebit_l1_ex_realignment,2026-H1,,1448.185049,0.000001,mart.v_ebit_adjusted,,
ebit_l2_ex_realignment_tariffs,2023-H1,,3852.235213,0.000001,mart.v_ebit_adjusted,,
ebit_l2_ex_realignment_tariffs,2023-H2,,3432.072410,0.000001,mart.v_ebit_adjusted,,
ebit_l2_ex_realignment_tariffs,2024-H1,,3061.455452,0.000001,mart.v_ebit_adjusted,,
ebit_l2_ex_realignment_tariffs,2024-H2,,2575.437190,0.000001,mart.v_ebit_adjusted,,
ebit_l2_ex_realignment_tariffs,2025-H1,,2106.791297,0.000001,mart.v_ebit_adjusted,,
ebit_l2_ex_realignment_tariffs,2025-H2,,2106.492672,0.000001,mart.v_ebit_adjusted,,
ebit_l2_ex_realignment_tariffs,2026-H1,,1848.185049,0.000001,mart.v_ebit_adjusted,,
ebit_l3_hybrid_sensitivity,2023-H1,,3827.235213,0.000001,mart.v_ebit_adjusted,,
ebit_l3_hybrid_sensitivity,2023-H2,,4032.072410,0.000001,mart.v_ebit_adjusted,,
ebit_l3_hybrid_sensitivity,2024-H1,,3302.455452,0.000001,mart.v_ebit_adjusted,,
ebit_l3_hybrid_sensitivity,2024-H2,,3736.437190,0.000001,mart.v_ebit_adjusted,,
ebit_l3_hybrid_sensitivity,2025-H1,,2592.791297,0.000001,mart.v_ebit_adjusted,,
ebit_l3_hybrid_sensitivity,2025-H2,,2949.492672,0.000001,mart.v_ebit_adjusted,,
ebit_l3_hybrid_sensitivity,2026-H1,,2459.185049,0.000001,mart.v_ebit_adjusted,,
margin_l0_reported_pct,2023-H1,,18.85,0.005,mart.v_ebit_adjusted,,
margin_l0_reported_pct,2023-H2,,17.08,0.005,mart.v_ebit_adjusted,,
margin_l0_reported_pct,2024-H1,,15.73,0.005,mart.v_ebit_adjusted,,
margin_l0_reported_pct,2024-H2,,12.49,0.005,mart.v_ebit_adjusted,,
margin_l0_reported_pct,2025-H1,,5.54,0.005,mart.v_ebit_adjusted,,
margin_l0_reported_pct,2025-H2,,-3.28,0.005,mart.v_ebit_adjusted,,
margin_l0_reported_pct,2026-H1,,7.82,0.005,mart.v_ebit_adjusted,,
margin_l1_pct,2023-H1,,18.85,0.005,mart.v_ebit_adjusted,,
margin_l1_pct,2023-H2,,17.08,0.005,mart.v_ebit_adjusted,,
margin_l1_pct,2024-H1,,15.73,0.005,mart.v_ebit_adjusted,,
margin_l1_pct,2024-H2,,12.49,0.005,mart.v_ebit_adjusted,,
margin_l1_pct,2025-H1,,9.40,0.005,mart.v_ebit_adjusted,,
margin_l1_pct,2025-H2,,9.97,0.005,mart.v_ebit_adjusted,,
margin_l1_pct,2026-H1,,8.41,0.005,mart.v_ebit_adjusted,,
margin_l2_pct,2023-H1,,18.85,0.005,mart.v_ebit_adjusted,,
margin_l2_pct,2023-H2,,17.08,0.005,mart.v_ebit_adjusted,,
margin_l2_pct,2024-H1,,15.73,0.005,mart.v_ebit_adjusted,,
margin_l2_pct,2024-H2,,12.49,0.005,mart.v_ebit_adjusted,,
margin_l2_pct,2025-H1,,11.60,0.005,mart.v_ebit_adjusted,,
margin_l2_pct,2025-H2,,11.63,0.005,mart.v_ebit_adjusted,,
margin_l2_pct,2026-H1,,10.73,0.005,mart.v_ebit_adjusted,,
margin_l3_hybrid_pct,2023-H1,,18.73,0.005,mart.v_ebit_adjusted,,
margin_l3_hybrid_pct,2023-H2,,20.06,0.005,mart.v_ebit_adjusted,,
margin_l3_hybrid_pct,2024-H1,,16.97,0.005,mart.v_ebit_adjusted,,
margin_l3_hybrid_pct,2024-H2,,18.11,0.005,mart.v_ebit_adjusted,,
margin_l3_hybrid_pct,2025-H1,,14.28,0.005,mart.v_ebit_adjusted,,
margin_l3_hybrid_pct,2025-H2,,16.28,0.005,mart.v_ebit_adjusted,,
margin_l3_hybrid_pct,2026-H1,,14.27,0.005,mart.v_ebit_adjusted,,
yoy_ebit_l1,2024-H1,,-790.779761,0.000001,mart.v_ebit_adjusted,,
yoy_ebit_l1,2024-H2,,-856.635220,0.000001,mart.v_ebit_adjusted,,
yoy_ebit_l1,2025-H1,,-1354.664155,0.000001,mart.v_ebit_adjusted,,
yoy_ebit_l1,2025-H2,,-768.944518,0.000001,mart.v_ebit_adjusted,,
yoy_ebit_l1,2026-H1,,-258.606248,0.000001,mart.v_ebit_adjusted,,
yoy_margin_l0_pp,2024-H1,,-3.12,0.011,mart.v_ebit_adjusted,,
yoy_margin_l0_pp,2024-H2,,-4.59,0.011,mart.v_ebit_adjusted,,
yoy_margin_l0_pp,2025-H1,,-10.19,0.011,mart.v_ebit_adjusted,,
yoy_margin_l0_pp,2025-H2,,-15.77,0.011,mart.v_ebit_adjusted,,
yoy_margin_l0_pp,2026-H1,,2.28,0.011,mart.v_ebit_adjusted,,
yoy_margin_l1_pp,2024-H1,,-3.12,0.011,mart.v_ebit_adjusted,,
yoy_margin_l1_pp,2024-H2,,-4.59,0.011,mart.v_ebit_adjusted,,
yoy_margin_l1_pp,2025-H1,,-6.33,0.011,mart.v_ebit_adjusted,,
yoy_margin_l1_pp,2025-H2,,-2.52,0.011,mart.v_ebit_adjusted,,
yoy_margin_l1_pp,2026-H1,,-0.99,0.011,mart.v_ebit_adjusted,,
d_ebit,2024-H1,,-790.779761,0.000001,mart.v_ebit_bridge_yoy,,
d_ebit,2024-H2,,-856.635220,0.000001,mart.v_ebit_bridge_yoy,,
d_ebit,2025-H1,,-2054.664155,0.000001,mart.v_ebit_bridge_yoy,,
d_ebit,2025-H2,,-3168.944518,0.000001,mart.v_ebit_bridge_yoy,,
d_ebit,2026-H1,,341.393752,0.000001,mart.v_ebit_bridge_yoy,,
d_margin_pp,2024-H1,,-3.120,0.0005,mart.v_ebit_bridge_yoy,,
d_margin_pp,2024-H2,,-4.590,0.0005,mart.v_ebit_bridge_yoy,,
d_margin_pp,2025-H1,,-10.190,0.0005,mart.v_ebit_bridge_yoy,,
d_margin_pp,2025-H2,,-15.763,0.0005,mart.v_ebit_bridge_yoy,,
d_margin_pp,2026-H1,,2.280,0.0005,mart.v_ebit_bridge_yoy,,
eff_residual_other_drivers,2024-H1,,-479.779761,0.000001,mart.v_ebit_bridge_yoy,,
eff_residual_other_drivers,2024-H2,,-316.635220,0.000001,mart.v_ebit_bridge_yoy,,
eff_residual_other_drivers,2025-H1,,-325.664155,0.000001,mart.v_ebit_bridge_yoy,,
eff_residual_other_drivers,2025-H2,,-451.944518,0.000001,mart.v_ebit_bridge_yoy,,
eff_residual_other_drivers,2026-H1,,-139.606248,0.000001,mart.v_ebit_bridge_yoy,,
g_h2_margin_l0_pct,ALL,high/high/high,7.20,0.005,mart.v_guidance_2026,,
g_h2_margin_l0_pct,ALL,high/high/low,7.20,0.005,mart.v_guidance_2026,,
g_h2_margin_l0_pct,ALL,high/high/mid,7.20,0.005,mart.v_guidance_2026,,
g_h2_margin_l0_pct,ALL,high/low/high,3.37,0.005,mart.v_guidance_2026,,
g_h2_margin_l0_pct,ALL,high/low/low,3.37,0.005,mart.v_guidance_2026,,
g_h2_margin_l0_pct,ALL,high/low/mid,3.37,0.005,mart.v_guidance_2026,,
g_h2_margin_l0_pct,ALL,high/mid/high,5.28,0.005,mart.v_guidance_2026,,
g_h2_margin_l0_pct,ALL,high/mid/low,5.28,0.005,mart.v_guidance_2026,,
g_h2_margin_l0_pct,ALL,high/mid/mid,5.28,0.005,mart.v_guidance_2026,,
g_h2_margin_l0_pct,ALL,low/high/high,7.19,0.005,mart.v_guidance_2026,,
g_h2_margin_l0_pct,ALL,low/high/low,7.19,0.005,mart.v_guidance_2026,,
g_h2_margin_l0_pct,ALL,low/high/mid,7.19,0.005,mart.v_guidance_2026,,
g_h2_margin_l0_pct,ALL,low/low/high,3.25,0.005,mart.v_guidance_2026,,
g_h2_margin_l0_pct,ALL,low/low/low,3.25,0.005,mart.v_guidance_2026,,
g_h2_margin_l0_pct,ALL,low/low/mid,3.25,0.005,mart.v_guidance_2026,,
g_h2_margin_l0_pct,ALL,low/mid/high,5.22,0.005,mart.v_guidance_2026,,
g_h2_margin_l0_pct,ALL,low/mid/low,5.22,0.005,mart.v_guidance_2026,,
g_h2_margin_l0_pct,ALL,low/mid/mid,5.22,0.005,mart.v_guidance_2026,,
g_h2_margin_l0_pct,ALL,mid/high/high,7.19,0.005,mart.v_guidance_2026,,
g_h2_margin_l0_pct,ALL,mid/high/low,7.19,0.005,mart.v_guidance_2026,,
g_h2_margin_l0_pct,ALL,mid/high/mid,7.19,0.005,mart.v_guidance_2026,,
g_h2_margin_l0_pct,ALL,mid/low/high,3.31,0.005,mart.v_guidance_2026,,
g_h2_margin_l0_pct,ALL,mid/low/low,3.31,0.005,mart.v_guidance_2026,,
g_h2_margin_l0_pct,ALL,mid/low/mid,3.31,0.005,mart.v_guidance_2026,,
g_h2_margin_l0_pct,ALL,mid/mid/high,5.25,0.005,mart.v_guidance_2026,,
g_h2_margin_l0_pct,ALL,mid/mid/low,5.25,0.005,mart.v_guidance_2026,,
g_h2_margin_l0_pct,ALL,mid/mid/mid,5.25,0.005,mart.v_guidance_2026,,
g_h2_margin_l1_pct,ALL,high/high/high,11.46,0.005,mart.v_guidance_2026,,
g_h2_margin_l1_pct,ALL,high/high/low,10.93,0.005,mart.v_guidance_2026,,
g_h2_margin_l1_pct,ALL,high/high/mid,11.20,0.005,mart.v_guidance_2026,,
g_h2_margin_l1_pct,ALL,high/low/high,7.63,0.005,mart.v_guidance_2026,,
g_h2_margin_l1_pct,ALL,high/low/low,7.10,0.005,mart.v_guidance_2026,,
g_h2_margin_l1_pct,ALL,high/low/mid,7.36,0.005,mart.v_guidance_2026,,
g_h2_margin_l1_pct,ALL,high/mid/high,9.55,0.005,mart.v_guidance_2026,,
g_h2_margin_l1_pct,ALL,high/mid/low,9.01,0.005,mart.v_guidance_2026,,
g_h2_margin_l1_pct,ALL,high/mid/mid,9.28,0.005,mart.v_guidance_2026,,
g_h2_margin_l1_pct,ALL,low/high/high,11.69,0.005,mart.v_guidance_2026,,
g_h2_margin_l1_pct,ALL,low/high/low,11.12,0.005,mart.v_guidance_2026,,
g_h2_margin_l1_pct,ALL,low/high/mid,11.41,0.005,mart.v_guidance_2026,,
g_h2_margin_l1_pct,ALL,low/low/high,7.75,0.005,mart.v_guidance_2026,,
g_h2_margin_l1_pct,ALL,low/low/low,7.19,0.005,mart.v_guidance_2026,,
g_h2_margin_l1_pct,ALL,low/low/mid,7.47,0.005,mart.v_guidance_2026,,
g_h2_margin_l1_pct,ALL,low/mid/high,9.72,0.005,mart.v_guidance_2026,,
g_h2_margin_l1_pct,ALL,low/mid/low,9.15,0.005,mart.v_guidance_2026,,
g_h2_margin_l1_pct,ALL,low/mid/mid,9.44,0.005,mart.v_guidance_2026,,
g_h2_margin_l1_pct,ALL,mid/high/high,11.57,0.005,mart.v_guidance_2026,,
g_h2_margin_l1_pct,ALL,mid/high/low,11.02,0.005,mart.v_guidance_2026,,
g_h2_margin_l1_pct,ALL,mid/high/mid,11.30,0.005,mart.v_guidance_2026,,
g_h2_margin_l1_pct,ALL,mid/low/high,7.69,0.005,mart.v_guidance_2026,,
g_h2_margin_l1_pct,ALL,mid/low/low,7.14,0.005,mart.v_guidance_2026,,
g_h2_margin_l1_pct,ALL,mid/low/mid,7.41,0.005,mart.v_guidance_2026,,
g_h2_margin_l1_pct,ALL,mid/mid/high,9.63,0.005,mart.v_guidance_2026,,
g_h2_margin_l1_pct,ALL,mid/mid/low,9.08,0.005,mart.v_guidance_2026,,
g_h2_margin_l1_pct,ALL,mid/mid/mid,9.36,0.005,mart.v_guidance_2026,,
g_h2_margin_l2_pct,ALL,high/high/high,13.59,0.005,mart.v_guidance_2026,,
g_h2_margin_l2_pct,ALL,high/high/low,13.06,0.005,mart.v_guidance_2026,,
g_h2_margin_l2_pct,ALL,high/high/mid,13.33,0.005,mart.v_guidance_2026,,
g_h2_margin_l2_pct,ALL,high/low/high,9.76,0.005,mart.v_guidance_2026,,
g_h2_margin_l2_pct,ALL,high/low/low,9.23,0.005,mart.v_guidance_2026,,
g_h2_margin_l2_pct,ALL,high/low/mid,9.49,0.005,mart.v_guidance_2026,,
g_h2_margin_l2_pct,ALL,high/mid/high,11.68,0.005,mart.v_guidance_2026,,
g_h2_margin_l2_pct,ALL,high/mid/low,11.14,0.005,mart.v_guidance_2026,,
g_h2_margin_l2_pct,ALL,high/mid/mid,11.41,0.005,mart.v_guidance_2026,,
g_h2_margin_l2_pct,ALL,low/high/high,13.94,0.005,mart.v_guidance_2026,,
g_h2_margin_l2_pct,ALL,low/high/low,13.38,0.005,mart.v_guidance_2026,,
g_h2_margin_l2_pct,ALL,low/high/mid,13.66,0.005,mart.v_guidance_2026,,
g_h2_margin_l2_pct,ALL,low/low/high,10.00,0.005,mart.v_guidance_2026,,
g_h2_margin_l2_pct,ALL,low/low/low,9.44,0.005,mart.v_guidance_2026,,
g_h2_margin_l2_pct,ALL,low/low/mid,9.72,0.005,mart.v_guidance_2026,,
g_h2_margin_l2_pct,ALL,low/mid/high,11.97,0.005,mart.v_guidance_2026,,
g_h2_margin_l2_pct,ALL,low/mid/low,11.41,0.005,mart.v_guidance_2026,,
g_h2_margin_l2_pct,ALL,low/mid/mid,11.69,0.005,mart.v_guidance_2026,,
g_h2_margin_l2_pct,ALL,mid/high/high,13.76,0.005,mart.v_guidance_2026,,
g_h2_margin_l2_pct,ALL,mid/high/low,13.21,0.005,mart.v_guidance_2026,,
g_h2_margin_l2_pct,ALL,mid/high/mid,13.49,0.005,mart.v_guidance_2026,,
g_h2_margin_l2_pct,ALL,mid/low/high,9.88,0.005,mart.v_guidance_2026,,
g_h2_margin_l2_pct,ALL,mid/low/low,9.33,0.005,mart.v_guidance_2026,,
g_h2_margin_l2_pct,ALL,mid/low/mid,9.60,0.005,mart.v_guidance_2026,,
g_h2_margin_l2_pct,ALL,mid/mid/high,11.82,0.005,mart.v_guidance_2026,,
g_h2_margin_l2_pct,ALL,mid/mid/low,11.27,0.005,mart.v_guidance_2026,,
g_h2_margin_l2_pct,ALL,mid/mid/mid,11.54,0.005,mart.v_guidance_2026,,
ga_h2_ebitda_margin_pct,ALL,high/high,15.85,0.005,mart.v_guidance_2026_auto,,
ga_h2_ebitda_margin_pct,ALL,high/low,12.01,0.005,mart.v_guidance_2026_auto,,
ga_h2_ebitda_margin_pct,ALL,high/mid,13.93,0.005,mart.v_guidance_2026_auto,,
ga_h2_ebitda_margin_pct,ALL,low/high,15.78,0.005,mart.v_guidance_2026_auto,,
ga_h2_ebitda_margin_pct,ALL,low/low,11.84,0.005,mart.v_guidance_2026_auto,,
ga_h2_ebitda_margin_pct,ALL,low/mid,13.81,0.005,mart.v_guidance_2026_auto,,
ga_h2_ebitda_margin_pct,ALL,mid/high,15.82,0.005,mart.v_guidance_2026_auto,,
ga_h2_ebitda_margin_pct,ALL,mid/low,11.93,0.005,mart.v_guidance_2026_auto,,
ga_h2_ebitda_margin_pct,ALL,mid/mid,13.87,0.005,mart.v_guidance_2026_auto,,
ga_h2_ncf_margin_pct,ALL,high/high,3.41,0.005,mart.v_guidance_2026_auto,,
ga_h2_ncf_margin_pct,ALL,high/low,-0.42,0.005,mart.v_guidance_2026_auto,,
ga_h2_ncf_margin_pct,ALL,high/mid,1.49,0.005,mart.v_guidance_2026_auto,,
ga_h2_ncf_margin_pct,ALL,low/high,3.32,0.005,mart.v_guidance_2026_auto,,
ga_h2_ncf_margin_pct,ALL,low/low,-0.62,0.005,mart.v_guidance_2026_auto,,
ga_h2_ncf_margin_pct,ALL,low/mid,1.35,0.005,mart.v_guidance_2026_auto,,
ga_h2_ncf_margin_pct,ALL,mid/high,3.37,0.005,mart.v_guidance_2026_auto,,
ga_h2_ncf_margin_pct,ALL,mid/low,-0.52,0.005,mart.v_guidance_2026_auto,,
ga_h2_ncf_margin_pct,ALL,mid/mid,1.42,0.005,mart.v_guidance_2026_auto,,
gs_l0_max,ALL,,7.20,0.005,mart.v_guidance_2026_summary,,
gs_l0_mid,ALL,,5.25,0.005,mart.v_guidance_2026_summary,,
gs_l0_min,ALL,,3.25,0.005,mart.v_guidance_2026_summary,,
gs_l1_max,ALL,,11.69,0.005,mart.v_guidance_2026_summary,,
gs_l1_mid,ALL,,9.36,0.005,mart.v_guidance_2026_summary,,
gs_l1_min,ALL,,7.10,0.005,mart.v_guidance_2026_summary,,
gs_l2_max,ALL,,13.94,0.005,mart.v_guidance_2026_summary,,
gs_l2_mid,ALL,,11.54,0.005,mart.v_guidance_2026_summary,,
gs_l2_min,ALL,,9.23,0.005,mart.v_guidance_2026_summary,,
cap_rate_calc_pct,2023-H1,,77.7,0.05,mart.v_rd_capitalisation,,
cap_rate_calc_pct,2023-H2,,68.3,0.05,mart.v_rd_capitalisation,,
cap_rate_calc_pct,2024-H1,,67.4,0.05,mart.v_rd_capitalisation,,
cap_rate_calc_pct,2024-H2,,53.3,0.05,mart.v_rd_capitalisation,,
cap_rate_calc_pct,2025-H1,,45.5,0.05,mart.v_rd_capitalisation,,
cap_rate_calc_pct,2025-H2,,37.7,0.05,mart.v_rd_capitalisation,,
cap_rate_calc_pct,2026-H1,,43.6,0.05,mart.v_rd_capitalisation,,
ebit_effect_of_cap_rate_change,2024-H1,,170.3,0.05,mart.v_rd_capitalisation,,
ebit_effect_of_cap_rate_change,2024-H2,,130.2,0.05,mart.v_rd_capitalisation,,
ebit_effect_of_cap_rate_change,2025-H1,,278.5,0.05,mart.v_rd_capitalisation,,
ebit_effect_of_cap_rate_change,2025-H2,,158.9,0.05,mart.v_rd_capitalisation,,
ebit_effect_of_cap_rate_change,2026-H1,,20.7,0.05,mart.v_rd_capitalisation,,
net_capitalisation,2023-H1,,774.000000,0.000001,mart.v_rd_capitalisation,,
net_capitalisation,2023-H2,,347.000000,0.000001,mart.v_rd_capitalisation,,
net_capitalisation,2024-H1,,607.000000,0.000001,mart.v_rd_capitalisation,,
net_capitalisation,2024-H2,,-125.000000,0.000001,mart.v_rd_capitalisation,,
net_capitalisation,2025-H1,,-25.000000,0.000001,mart.v_rd_capitalisation,,
net_capitalisation,2025-H2,,-842.000000,0.000001,mart.v_rd_capitalisation,,
net_capitalisation,2026-H1,,-218.000000,0.000001,mart.v_rd_capitalisation,,
rd_pl_charge,2023-H1,,770.000000,0.000001,mart.v_rd_capitalisation,,
rd_pl_charge,2023-H2,,943.000000,0.000001,mart.v_rd_capitalisation,,
rd_pl_charge,2024-H1,,1057.000000,0.000001,mart.v_rd_capitalisation,,
rd_pl_charge,2024-H2,,989.000000,0.000001,mart.v_rd_capitalisation,,
rd_pl_charge,2025-H1,,1290.000000,0.000001,mart.v_rd_capitalisation,,
rd_pl_charge,2025-H2,,1869.000000,0.000001,mart.v_rd_capitalisation,,
rd_pl_charge,2026-H1,,1334.000000,0.000001,mart.v_rd_capitalisation,,
rd_total_costs,2023-H1,,1545.000000,0.000001,mart.v_rd_capitalisation,,
rd_total_costs,2023-H2,,1289.000000,0.000001,mart.v_rd_capitalisation,,
rd_total_costs,2024-H1,,1665.000000,0.000001,mart.v_rd_capitalisation,,
rd_total_costs,2024-H2,,863.000000,0.000001,mart.v_rd_capitalisation,,
rd_total_costs,2025-H1,,1264.000000,0.000001,mart.v_rd_capitalisation,,
rd_total_costs,2025-H2,,1028.000000,0.000001,mart.v_rd_capitalisation,,
rd_total_costs,2026-H1,,1116.000000,0.000001,mart.v_rd_capitalisation,,
yoy_rd_pl_charge,2024-H1,,287.000000,0.000001,mart.v_rd_capitalisation,,
yoy_rd_pl_charge,2024-H2,,46.000000,0.000001,mart.v_rd_capitalisation,,
yoy_rd_pl_charge,2025-H1,,233.000000,0.000001,mart.v_rd_capitalisation,,
yoy_rd_pl_charge,2025-H2,,880.000000,0.000001,mart.v_rd_capitalisation,,
yoy_rd_pl_charge,2026-H1,,44.000000,0.000001,mart.v_rd_capitalisation,,
